word,clue
a,used before countable or singular nouns referring to people or things that have not already been mentioned
abandon,"to leave somebody, especially somebody you are responsible for, with no intention of returning"
ability,the fact that somebody/something is able to do something
able,"to have the skill, intelligence, opportunity, etc. needed to do something"
abolish,"to officially end a law, a system or an institution"
about,a little more or less than; a little before or after
above,at or to a higher place
abroad,in or to a foreign country
absence,the fact of somebody being away from a place where they are usually expected to be; the occasion or period of time when somebody is away
absent,"not in a place because of illness, etc."
absolute,total and complete
absolutely,used to emphasize that something is completely true
absorb,"to take in a liquid, gas or other substance from the surface or space around"
abstract,"based on general ideas and not on any particular real person, thing or situation"
absurd,extremely silly; not logical and sensible
abundance,a large quantity that is more than enough
abuse,the use of something in a way that is wrong or harmful
academic,"connected with education, especially studying in schools and universities"
academy,a school or college for special training
accelerate,to happen faster or earlier; to make something happen faster or earlier
accent,"a way of pronouncing the words of a language that shows which country, area or social class a person comes from; how well somebody pronounces a particular language"
accept,"to take willingly something that is offered; to say ‘yes’ to an offer, invitation, etc."
acceptable,agreed or approved of by most people in a society
acceptance,"the act of accepting a gift, an invitation, an offer, etc."
access,the opportunity or right to use something or to see somebody/something
accessible,"that can be reached, entered, used, seen, etc."
accident,"an unpleasant event, especially in a vehicle, that happens unexpectedly and causes injury or damage"
accidentally,by chance; in a way that was not planned
accommodate,"to provide somebody with a room or place to sleep, live or sit"
accommodation,"a place to live, work or stay in"
accompany,to travel or go somewhere with somebody/something
accomplish,to succeed in doing or completing something
accomplishment,an impressive thing that is done or achieved after a lot of work
accordance,according to a rule or the way that somebody says that something should be done
accordingly,in a way that is appropriate to what has been done or said in a particular situation
account,"an arrangement that somebody has with a bank, etc. to keep money there, take some out, etc."
accountability,the fact of being responsible for your decisions or actions and expected to explain them when you are asked
accountable,responsible for your decisions or actions and expected to explain them when you are asked
accountant,a person whose job is to keep or check financial accounts
accumulate,to gradually get more and more of something over a period of time
accumulation,the process of gradually increasing or getting more and more of something over a period of time
accuracy,the state of being exact or correct; the ability to do something with skill and without making mistakes
accurate,correct and true in every detail
accurately,in a way that is correct and true in every detail
accusation,a statement saying that you think a person is guilty of doing something wrong or illegal; the fact of accusing somebody
accuse,to say that somebody has done something wrong or is guilty of something
accused,a person who is on trial for committing a crime
achieve,"to succeed in reaching a particular goal, status or standard, especially by making an effort for a long time"
achievement,"a thing that somebody has done successfully, especially using their own effort and skill"
acid,that contains acid or has the essential characteristics of an acid; that has a pH of less than seven
acknowledge,to accept that something is true
acquire,"to gain something by your own efforts, ability or behaviour"
acquisition,"the act of getting something, especially knowledge, a skill, etc."
acre,a unit for measuring an area of land; 4 840 square yards or about 4 050 square metres
across,from one side to the other side
act,a particular thing that somebody does
action,the process of doing something in order to make something happen or to deal with a situation
activate,to make something such as a device or chemical process start working
activation,the act of making something such as a device or chemical process start working
active,"always busy doing things, especially physical activities"
activist,"a person who works to achieve political or social change, especially as a member of an organization with particular aims"
activity,a thing that you do for interest or pleasure
actor,"a person who performs on the stage, on television or in films, especially as a profession"
actress,"a woman who performs on the stage, on television or in films, especially as a profession"
actual,used to emphasize something that is real or exists in fact
actually,"used in speaking to emphasize a fact or a comment, or that something is really true"
acute,very serious or severe
ad,"a notice, picture or film telling people about a product, job or service"
adapt,to change your behaviour in order to deal more successfully with a new situation
adaptation,"the action or process of changing something, or of being changed, to suit a new purpose or situation"
add,"to put something together with something else so as to increase the size, number, amount, etc."
addiction,"the condition of being unable to stop using or doing something as a habit, especially something harmful"
addition,a thing that is added to something else
additional,more than was first mentioned or is usual
additionally,in a way that is more than was first mentioned or is usual
address,"details of where somebody lives or works and where letters, etc. can be sent"
adequate,"enough in quantity, or good enough in quality, for a particular purpose or need"
adequately,"in a way that is enough in quantity, or good enough in quality, for a particular purpose or need"
adhere,to stick to something
adjacent,next to something
adjust,to change something slightly to make it more suitable for a new set of conditions or to make it work better
adjustment,a small change made to something in order to correct or improve it
administer,"to manage and organize the affairs of a company, an organization, a country, etc."
administration,"the activities that are done in order to plan, organize and run a business, school or other institution"
administrative,connected with organizing the work of a business or an institution
administrator,"a person whose job is to manage and organize the public or business affairs of a company or an institution, or a person who works in an office dealing with records, accounts, etc."
admire,to respect somebody for what they have done or to respect their qualities
admission,"the act of accepting somebody into an institution, organization, etc.; the right to enter a place or to join an institution or organization"
admit,"to agree, often unwillingly, that something is true"
adolescent,a young person who is developing from a child into an adult
adopt,to take somebody else’s child into your family and become its legal parent(s)
adoption,the act of adopting a child; the fact of being adopted
adult,fully grown or developed
advance,done or given before something is going to happen
advanced,"having the most modern and recently developed ideas, methods, etc."
advantage,a thing that helps you to be better or more successful than other people
adventure,"an unusual, exciting or dangerous experience, journey or series of events"
adverse,negative and unpleasant; not likely to produce a good result
advertise,to tell the public about a product or a service in order to encourage people to buy or to use it
advertisement,"a notice, picture or film telling people about a product, job or service"
advertising,"the activity and industry of advertising things to people on television, in newspapers, on the internet, etc."
advice,an opinion or a suggestion about what somebody should do in a particular situation
advise,to tell somebody what you think they should do in a particular situation
advocate,a person who supports or speaks in favour of somebody or of a public plan or action
aesthetic,connected with beauty and art and the understanding of beautiful things
affair,events that are of public interest or political importance
affect,to produce a change in somebody/something
affection,the feeling of liking or loving somebody/something very much and caring about them
afford,to have enough money to be able to buy or do something
affordable,cheap enough that people can afford to pay it or buy it
afraid,feeling fear; frightened because you think that you might be hurt or suffer
after,later in time; afterwards
aftermath,"the situation that exists as a result of an important (and usually unpleasant) event, especially a war, an accident, etc."
afternoon,the period of time from 12 o'clock in the middle of the day until about 6 o’clock in the evening
afterwards,at a later time; after an event that has already been mentioned
again,one more time; on another occasion
against,opposing or disagreeing with somebody/something
age,the number of years that a person has lived or a thing has existed
aged,of the age of
agency,a business or an organization that provides a particular service especially when representing other businesses or organizations
agenda,a list of items to be discussed at a meeting
agent,"a person whose job is to act for, or manage the affairs of, other people in business, politics, etc."
aggression,feelings of anger and hate that may result in threatening or violent behaviour
aggressive,"angry, and behaving in a threatening way; ready to attack"
ago,used in expressions of time with the simple past tense to show how far in the past something happened
agree,to have the same opinion as somebody; to say that you have the same opinion
agreement,"an arrangement, a promise or a contract made with somebody"
agricultural,connected with the science or practice of farming
agriculture,the science or practice of farming
ah,"used to express surprise, pleasure or sympathy, or when you disagree with somebody"
ahead,further forward in space or time; in front
aid,"money, food, etc. that is sent to help countries in difficult situations"
aide,"a person who helps another person, especially a politician, in their job"
AIDS,a serious illness caused by a virus called HIV that attacks the body’s ability to resist infection (the abbreviation for ‘Acquired Immune Deficiency Syndrome’)
aim,the purpose of doing something; what somebody is trying to achieve
air,the mixture of gases that surrounds the earth and that we breathe
aircraft,any vehicle that can fly and carry goods or passengers
airline,a company that provides regular flights to take passengers and goods to different places
airport,a place where planes land and take off and that has buildings for passengers to wait in
alarm,a loud noise or a signal that warns people of danger or of a problem
albeit,although
album,"a book in which you keep photographs, stamps, etc."
alcohol,"drinks such as beer, wine, etc. that can make people drunk"
alcoholic,connected with or containing alcohol
alert,able to think quickly; quick to notice things
alien,strange and frightening; different from what you are used to
align,"to arrange something in the correct position, or to be in the correct position, in relation to something else, especially in a straight line"
alignment,arrangement in a straight line
alike,very similar
alive,living; not dead
all,completely
allegation,"a public statement that is made without giving proof, accusing somebody of doing something that is wrong or illegal"
allege,to state something as a fact but without giving proof
allegedly,expressed as though something is a fact but without giving any proof
alliance,"an agreement between countries, political parties, etc. to work together in order to achieve something that they all want"
allocate,to give something officially to somebody/something for a particular purpose
allocation,"an amount of money, space, etc. that is given to somebody for a particular purpose"
allow,to let somebody/something do something; to let something happen or be done
allowance,an amount of money that is given to somebody regularly or for a particular purpose
ally,"a country that has agreed to help and support another country, especially in case of a war"
almost,not quite
alone,without any other people
along,from one end to or towards the other end of something
alongside,next to or at the side of something
already,before now or before a particular time in the past
also,in addition; too
alter,to become different; to make somebody/something different
alternative,that can be used instead of something else
although,used for introducing a statement that makes the main statement in a sentence seem surprising
altogether,(used to emphasize something) completely; in every way
aluminium,"a chemical element. Aluminium is a light, silver-grey metal used for making pans, etc."
always,at all times; on every occasion
amateur,"doing something for pleasure or interest, not as a job"
amazed,very surprised
amazing,"very surprising, especially in a way that you like or admire"
ambassador,an official who lives in a foreign country as the senior representative there of their own country
ambition,something that you want to do or achieve very much
ambitious,"determined to be successful, rich, powerful, etc."
ambulance,"a vehicle with special equipment, used for taking sick or injured people to a hospital"
amend,"to change a law, document, statement, etc. slightly in order to correct a mistake or to improve it"
amendment,a small change or improvement that is made to a document or proposed new law; the process of changing a document or proposed new law
amid,"in the middle of or during something, especially something that causes excitement or fear"
among,surrounded by somebody/something; in the middle of somebody/something
amount,a quantity of something
amusing,funny and giving pleasure
analogy,a comparison of one thing with another thing that has similar features; a feature that is similar
analyse,"to examine the nature or structure of something, especially by separating it into its parts, in order to understand or explain it"
analysis,the detailed study or examination of something in order to understand more about it; the result of the study
analyst,a person whose job involves examining facts or materials in order to give an opinion on them
ancestor,a person in your family who lived a long time ago
anchor,a heavy metal object that is attached to a rope or chain and dropped over the side of a ship or boat to keep it in one place
ancient,belonging to a period of history that is thousands of years in the past
and,also; in addition to
angel,"a spirit who is believed to be a servant of God, and is sent by God to deliver a message or perform a task. Angels are often shown dressed in white, with wings."
anger,the strong feeling that you have when something has happened that you think is bad and unfair
angle,"the space between two lines or surfaces that join, measured in degrees"
angry,having strong feelings about something that you dislike very much or about an unfair situation
animal,"a creature that is not a bird, a fish, a reptile, an insect or a human"
animation,"the process of making films, videos and computer games in which drawings, models or images of people and animals seem to move"
ankle,the joint connecting the foot to the leg; the narrow part of the leg just above the ankle joint
anniversary,a date that is an exact number of years after the date of an important or special event
announce,"to tell people something officially, especially about a decision, plans, etc."
announcement,a spoken or written statement that informs people about something
annoy,to make somebody slightly angry
annoyed,slightly angry
annoying,making somebody feel slightly angry
annual,happening or done once every year
annually,once a year
anonymous,with a name that is not known or that is not made public
another,one more; an extra thing or person
answer,"something that you say, write or do to react to a question or situation"
anticipate,to expect something
anxiety,the state of feeling nervous or worried that something bad is going to happen
anxious,feeling worried or nervous
any,"used to emphasize an adjective or adverb in negative sentences or questions, meaning ‘at all’"
anybody,"used instead of somebody in negative sentences and in questions after if/whether, and after verbs such as prevent, forbid, avoid, etc."
anyone,"used instead of someone in negative sentences and in questions after if/whether, and after verbs such as prevent, forbid, avoid, etc."
anything,"used instead of something in negative sentences and in questions; after if/whether; and after verbs such as prevent, ban, avoid, etc."
anyway,used when adding something to support an idea or argument
anywhere,used in negative sentences and in questions instead of somewhere
apart,"separated by a distance, of space or time"
apartment,"a set of rooms for living in, usually on one floor of a building"
apologize,to say that you are sorry for doing something wrong or causing a problem
apology,a word or statement saying sorry for something that has been done wrong or that causes a problem
app,"a piece of software that you can download to a device such as a smartphone or tablet, for example to look up information or to play a game"
apparatus,the tools or other pieces of equipment that are needed for a particular activity or task
apparent,easy to see or understand
apparently,according to what you have heard or read; according to the way something appears
appeal,"a deeply felt request for money, help or information that is needed immediately, especially one made by a charity or by the police"
appealing,attractive or interesting
appear,to start to be seen
appearance,the way that somebody/something looks on the outside; what somebody/something seems to be
appetite,physical desire for food
applaud,to show your approval of somebody/something by clapping your hands (= hitting your open hands together several times)
apple,a round fruit with shiny red or green skin that is fairly hard and white inside
applicable,that can be said to be true in the case of somebody/something
applicant,"a person who makes a formal request for something (= applies for it), especially for a job, a place at a college or university, etc."
application,"a formal (often written) request for something, such as a job, permission to do something or a place at a college or university"
apply,"to make a formal request, usually in writing, for something such as a job, a loan, permission for something, a place at a university, etc."
appoint,to choose somebody for a job or position of responsibility
appointment,"a formal arrangement to meet or visit somebody at a particular time, especially for a reason connected with their work"
appreciate,to recognize the good qualities of somebody/something
appreciation,pleasure that you have when you recognize and enjoy the good qualities of somebody/something
approach,a way of dealing with somebody/something; a way of doing or thinking about something such as a problem or a task
appropriate,"suitable, acceptable or correct for the particular circumstances"
appropriately,"in a way that is suitable, acceptable or correct for the particular circumstances"
approval,the feeling that somebody/something is good or acceptable; a positive opinion of somebody/something
approve,"to think that somebody/something is good, acceptable or suitable"
approximately,"used to show that something is almost, but not completely, accurate or correct"
April,"the fourth month of the year, between March and May"
arbitrary,"not seeming to be based on a reason, system or plan and sometimes seeming unfair"
architect,a person whose job is designing buildings
architectural,relating to architecture and buildings
architecture,the art and study of designing buildings
archive,"a collection of historical documents or records of a government, a family, a place or an organization; the place where these records are stored"
area,"part of a place, town, etc., or a region of a country or the world"
arena,a place with a flat open area in the middle and seats around it where people can watch sports and entertainment
arguably,used (often before a comparative or superlative adjective) when you are stating an opinion that you believe you could give reasons to support
argue,to speak angrily to somebody because you disagree with them
argument,"a conversation or discussion in which two or more people disagree, often angrily"
arise,to happen; to start to exist
arm,either of the two long parts that stick out from the top of the body and connect the shoulders to the hands
armed,involving the use of weapons
arms,"weapons, especially as used by the army, navy, etc."
army,a large organized group of soldiers who are trained to fight on land
around,approximately
arrange,to plan or organize something in advance
arrangement,a plan or preparation that you make so that something can happen
array,"a group or collection of things or people, often one that is large or impressive"
arrest,the act of arresting somebody
arrival,an act of coming or being brought to a place
arrive,"to get to a place, especially at the end of a journey"
arrow,"a thin stick with a sharp point at one end, which is shot from a bow"
art,"the use of the imagination to express ideas or feelings, particularly in painting, drawing or sculpture"
article,"a piece of writing about a particular subject in a newspaper or magazine, on a website, etc."
articulate,to express or explain your thoughts or feelings clearly in words
artificial,made or produced to copy something natural; not real
artist,"a person who creates works of art, especially paintings or drawings"
artistic,connected with art or artists
artwork,"pictures and photographs prepared for books, magazines, etc."
as,"used when you are comparing two people or things, or two situations"
ash,"the grey or black powder that is left after something, especially tobacco, wood or coal, has burnt"
ashamed,feeling shame or feeling embarrassed about somebody/something or because of something you have done
aside,to one side; out of the way
ask,"to say or write something in the form of a question, in order to get information"
asleep,sleeping
aspect,"a particular part or feature of a situation, an idea, a problem, etc.; a way in which it may be considered"
aspiration,a strong desire to have or do something
aspire,to have a strong desire to achieve or to become something
assassination,"the murder of an important or famous person, especially for political reasons"
assault,the crime of attacking somebody physically
assemble,to come together as a group; to bring people or things together as a group
assembly,a group of people who have been elected to meet together regularly and make decisions or laws for a particular region or country
assert,to state clearly and definitely that something is true
assertion,a statement saying that you strongly believe something to be true
assess,to make a judgement about the nature or quality of somebody/something
assessment,an opinion or a judgement about somebody/something that has been thought about very carefully
asset,a person or thing that is valuable or useful to somebody/something
assign,"to give somebody something that they can use, or some work or responsibility"
assignment,"a task or piece of work that somebody is given to do, usually as part of their job or studies"
assist,to help somebody to do something
assistance,help or support
assistant,having a rank below that of a senior person and helping them in their work
associate,to make a connection between people or things in your mind
associated,"if one thing is associated with another, the two things are connected because they happen together or one thing causes the other"
association,an official group of people who have joined together for a particular purpose
assume,to think or accept that something is true but without having proof of it
assumption,"a belief or feeling that something is true or that something will happen, although there is no proof"
assurance,"a statement that something will certainly be true or will certainly happen, particularly when there has been doubt about it"
assure,"to tell somebody that something is definitely true or is definitely going to happen, especially when they have doubts about it"
astonishing,very surprising; difficult to believe
asylum,"protection that a government gives to people who have left their own country, usually because they were in danger for political reasons"
at,used to say where something/somebody is or where something happens
athlete,a person who competes in sports
atmosphere,the mixture of gases that surrounds the earth
atrocity,"a cruel and violent act, especially in a war"
attach,to fasten or join one thing to another
attachment,a document that you send to somebody using email
attack,an act of using violence to try to hurt or kill somebody
attain,"to succeed in getting something, usually after a lot of effort"
attempt,"an act of trying to do something, especially something difficult, often with no success"
attend,to be present at an event
attendance,"the act of being present at a place, for example at school"
attention,used for asking people to listen to something that is being announced
attitude,the way that you think and feel about somebody/something; the way that you behave towards somebody/something that shows how you think and feel
attorney,"a lawyer, especially one who can act for somebody in court"
attract,"if you are attracted by something, it interests you and makes you want it; if you are attracted by somebody, you like or admire them"
attraction,an interesting or lively place to go or thing to do
attractive,"pleasant to look at, especially in a sexual way"
attribute,a quality or feature of somebody/something
auction,a public sale in which things are sold to the person who offers the most money for them
audience,"the group of people who have gathered to watch or listen to something (a play, concert, somebody speaking, etc.)"
audio,connected with sound that is recorded
audit,an official examination of business and financial records to see that they are true and correct
August,"the 8th month of the year, between July and September"
aunt,the sister of your father or mother; the wife of your uncle or aunt
authentic,known to be real and what somebody claims it is and not a copy
author,a person who writes books or the person who wrote a particular book
authority,the power to give orders to people
authorize,"to give official permission for something, or for somebody to do something"
automatic,having controls that work without needing a person to operate them
automatically,without needing a person to operate controls
autonomy,"the freedom for a country, a region or an organization to govern itself independently"
autumn,"the season of the year between summer and winter, when leaves change colour and the weather becomes colder"
availability,"the fact that something is possible to get, buy or find"
available,"that you can get, buy or find"
average,"calculated by adding several amounts together, finding a total, and dividing the total by the number of amounts"
avoid,to prevent something bad from happening
await,to wait for somebody/something
award,"a prize such as money, etc. for something that somebody has done"
aware,knowing or realizing something
awareness,knowing something; knowing that something exists and is important
away,to or at a distance from somebody/something in space or time
awful,very bad or unpleasant
awkward,making you feel embarrassed
baby,a very young child or animal
back,located behind or at the back of something
backdrop,everything that can be seen around an event or scene
background,"the details of a person’s family, education, experience, etc."
backing,help and support from somebody to do something; financial support for something
backup,extra help or support that you can get if necessary
backwards,towards a place or position that is behind
bacteria,"the simplest and smallest forms of life. Bacteria exist in large numbers in air, water and soil, and also in living and dead creatures and plants, and are often a cause of disease."
bad,unpleasant; full of problems
badge,"a small piece of metal or plastic, with a design or words on it, that a person wears or carries to show that they belong to an organization, support something, have achieved something, have a particular rank, etc."
badly,without skill or care
bag,"a container made of cloth, leather, plastic or paper, used to carry things in, especially when shopping or travelling"
bail,"money that somebody agrees to pay if a person accused of a crime does not appear at their trial. When bail has been arranged, the accused person is allowed to go free until the trial."
bake,to cook food in an oven without extra fat or liquid; to be cooked in this way
balance,"a situation in which different things exist in equal, correct or good amounts"
balanced,keeping or showing a balance so that different things or different parts of something exist in equal or correct amounts
ball,"a round object used for throwing, hitting or kicking in games and sports"
ballet,a style of dancing that tells a dramatic story with music but no talking or singing
balloon,a small bag made of very thin rubber that becomes larger and rounder when you fill it with air or gas. Balloons are brightly coloured and used as decorations or toys.
ballot,the system of voting in writing and usually in secret; an occasion on which a vote is held
ban,an official rule that says that something is not allowed
banana,"a long curved fruit with a thick yellow skin and that is soft inside, which grows on trees in hot countries"
band,"a small group of musicians who play popular music together, often with a singer or singers"
bank,"an organization that provides various financial services, for example keeping or lending money"
banner,a long piece of cloth with a message on it that is carried between two poles or hung in a public place to show support for something
bar,a place where you can buy and drink alcoholic and other drinks
bare,not covered by any clothes
barely,in a way that is just possible but only with difficulty
bargain,a thing bought for less than the usual price
barrel,"a large round container, usually made of wood or metal, with flat ends and, usually, curved sides"
barrier,an object like a fence that prevents people from moving forward from one place to another
base,"the lowest part of something, especially the part or surface on which it rests or stands"
baseball,"a game played especially in the US by two teams of nine players, using a bat and ball. Each player tries to hit the ball and then run around four bases before the other team can return the ball."
based,"if one thing is based on another, it uses it or is developed from it"
basement,"a room or rooms in a building, partly or completely below the level of the ground"
basic,forming the part of something that is most necessary and from which other things develop
basically,"in the most important ways, without considering things that are less important"
basis,the way things are organized or arranged; how often something happens
basket,"a container for holding or carrying things. Baskets are made of long thin pieces of material that bends and twists easily, for example plastic, wire or wicker."
basketball,"a game played by two teams of five players, using a large ball which players try to throw into a high net hanging from a ring"
bass,"the lowest tone or part in music, for instruments or voices"
bat,"a piece of wood with a handle, made in various shapes and sizes, and used for hitting the ball in games such as baseball, cricket and table tennis"
bath,"a large, long container that you put water in and then get into to wash your whole body"
bathroom,"a room in which there is a bath, a washbasin and often a toilet"
battery,"a device that is placed inside a car engine, clock, radio, etc. and that produces the electricity that makes it work"
battle,"a fight between armies, ships or planes, especially during a war; a violent fight between groups of people"
battlefield,a place where a battle is being fought or has been fought
bay,"a part of the sea, or of a large lake, partly surrounded by a wide curve of the land"
be,"used when you are naming people or things, describing them or giving more information about them"
beach,"an area of sand or small stones (called shingle), next to the sea or a lake"
beam,"a line of light, electromagnetic waves or particles"
bean,"a seed, or pod containing seeds, of a climbing plant, eaten as a vegetable. There are several types of bean and the plants that they grow on are also called beans."
bear,a heavy wild animal with thick fur and sharp claws (= pointed parts on the ends of its feet). There are many types of bear.
beast,"an animal, especially one that is large or dangerous, or one that is unusual"
beat,"a single hit to something, such as a drum, or a movement of something, such as your heart; the sound that this makes"
beautiful,having beauty; giving pleasure to the senses or to the mind
beauty,the quality of giving pleasure to the senses or to the mind
because,for the reason that
become,to start to be something
bed,a piece of furniture for sleeping on
bedroom,a room for sleeping in
bee,a black and yellow flying insect that can sting (= touch your skin and make you feel a sharp pain).Bees live in large groups and make honey (= a sweet sticky substance that is good to eat).
beef,meat that comes from a cow
beer,an alcoholic drink made from malt with hops added to give it taste. There are many types of beer.
before,at an earlier time; in the past; already
beg,to ask somebody for something especially in an anxious way because you want or need it very much
begin,to start doing something; to do the first part of something
beginning,"the time when something starts; the first part of an event, a story, etc."
behalf,in order to help somebody
behave,to do things in a particular way
behaviour,"the way that somebody behaves, especially towards other people"
behind,at or towards the back of somebody/something; further back
being,existence
belief,a strong feeling that something/somebody exists or is true; confidence that something/somebody is good or right
believe,to feel certain that something is true or that somebody is telling you the truth
bell,"a hollow metal object, often like a cup in shape, that makes a ringing sound when hit by a small piece of metal inside it; the sound that it makes"
belong,to be in the right or suitable place
beloved,loved very much
below,"at or to a lower level, position or place"
belt,"a long narrow piece of leather, cloth, etc. that you wear around the middle part of your body"
bench,"a long seat for two or more people, usually made of wood"
benchmark,something that can be measured and used as a standard that other things can be compared with
bend,"a curve or turn, especially in a road or river"
beneath,in or to a lower position than somebody/something; under somebody/something
beneficial,improving a situation; having a helpful or useful effect
beneficiary,a person who gains as a result of something
benefit,an advantage that something gives you; a helpful and useful effect that something has
bent,not straight
beside,next to or at the side of somebody/something
besides,used for making an extra comment that adds to what you have just said
best,of the most excellent type or quality
bet,"an arrangement to risk money, etc. on the result of a particular event; the money that you risk in this way"
betray,to give information about somebody/something to an enemy
better,of a higher standard or less poor quality; not as bad as something else
between,"in the space or period of time separating two or more points, objects, etc. or two dates, events, etc."
beyond,on the other side; further on
bias,"a strong feeling in favour of or against one group of people, or one side in an argument, often not based on fair judgement"
bicycle,a road vehicle with two wheels that you ride by pushing the pedals with your feet
bid,an offer by a person or a company to pay a particular amount of money for something
big,"large in size, degree, amount, etc."
bike,a bicycle
bill,a document that shows how much you owe somebody for goods or services
billion,1 000 000 000; one thousand million
bin,a container that you put waste in
bind,"to tie somebody/something with rope, string, etc. so that they/it cannot move or are held together strongly"
biography,the story of a person’s life written by somebody else; this type of writing
biological,connected with the science of biology
biology,the scientific study of the life and structure of plants and animals
bird,a creature that is covered with feathers and has two wings and two legs. Most birds can fly.
birth,the time when a baby is born; the process of being born
birthday,the day in each year which is the same date as the one on which you were born
biscuit,"a small flat dry cake for one person, usually sweet, and baked until hard"
bishop,a senior priest in charge of the work of the Church in a city or district
bit,rather; to some extent
bite,an act of biting
bitter,"having a strong, unpleasant taste; not sweet"
bizarre,very strange or unusual
black,"having the very darkest colour, like coal or the sky at night"
blade,"the flat part of a knife, tool or machine, which has a sharp edge or edges for cutting"
blame,responsibility for doing something badly or wrongly; saying that somebody is responsible for something
blank,"empty, with nothing written, printed or recorded on it"
blanket,"a large cover, often made of wool, used especially on beds to keep people warm"
blast,an explosion or a powerful movement of air caused by an explosion
bleed,"to lose blood, especially from a wound or an injury"
blend,a mixture of different types of the same thing
bless,to ask God to protect somebody/something
blessing,"God’s help and protection, or a prayer asking for this"
blind,not able to see
block,a large piece of a solid material that is square or rectangular in shape and usually has flat sides
blog,"a website where an individual person, or people representing an organization, write regularly about recent events or topics that interest them, usually with photos and links to other websites that they find interesting"
blonde,pale gold in colour
blood,the red liquid that flows through the bodies of humans and animals
blow,"a hard hit with the hand, a weapon, etc."
blue,having the colour of a clear sky or the sea on a clear day
board,"a long thin piece of strong hard material, especially wood, used, for example, for making floors, building walls and roofs and making boats"
boast,to talk in a way that shows you are too proud of something that you have or can do
boat,"a vehicle (smaller than a ship) that travels on water, moved by oars, sails or a motor"
body,the whole physical structure of a human or an animal
boil,"when a liquid boils or when you boil it, it is heated to the point where it forms bubbles and turns to steam or vapour"
bold,brave and confident; not afraid to say what you feel or to take risks
bomb,a weapon designed to explode at a particular time or when it is dropped or thrown
bombing,an occasion when a bomb is dropped or left somewhere; the act of doing this
bond,"something that forms a connection between people or groups, such as a feeling of friendship or shared ideas and experiences"
bone,any of the hard parts that form the skeleton of the body of a human or an animal
bonus,"an extra amount of money that is added to a payment, especially to somebody’s wages or salary as a reward"
book,a set of printed pages that are fastened inside a cover so that you can turn them and read them
booking,"an arrangement that you make in advance to buy a ticket to travel somewhere, go to the theatre, etc."
boom,a sudden increase in trade and economic activity; a period of wealth and success
boost,something that helps or encourages somebody/something
boot,a strong shoe that covers the foot and ankle and often the lower part of the leg
border,the line that divides two countries or areas; the land near this line
bored,feeling tired and impatient because you have lost interest in somebody/something or because you have nothing to do
boring,not interesting; making you feel tired and impatient
born,to come out of your mother’s body at the beginning of your life
borrow,"to take and use something that belongs to somebody else, and return it to them at a later time"
boss,a person who is in charge of other people at work and tells them what to do
both,used with plural nouns to mean ‘the two’ or ‘the one as well as the other’
bother,to spend time and/or energy doing something
bottle,"a glass or plastic container, usually round with straight sides and a narrow neck, used especially for storing liquids"
bottom,"in the lowest, last or furthest place or position"
bounce,"if something bounces or you bounce it, it moves quickly away from a surface it has just hit or you make it do this"
bound,"certain or likely to happen, or to do or be something"
boundary,a real or imagined line that marks the limits or edges of something and separates it from other things or places; a dividing line
bow,the act of bending your head or the upper part of your body forward in order to say hello or goodbye to somebody or to show respect
bowl,"a deep round dish with a wide open top, used especially for holding food or liquid"
box,"a container made of wood, thick card, metal, etc. with a flat stiff base and sides and often a lid (= cover), used especially for holding solid things"
boy,a male child or a young male person
boyfriend,a man or boy that somebody has a romantic or sexual relationship with
brain,"the organ inside the head that controls movement, thought, memory and feeling"
branch,"a part of a tree that grows out from the main stem and on which leaves, flowers and fruit grow"
brand,"a type of product, service, etc. made or offered by a particular company under a particular name"
brave,"willing to do things that are difficult, dangerous or painful; not afraid"
breach,a failure to do something that must be done by law
bread,"a type of food made from flour, water and usually yeast mixed together and baked"
break,"a short period of time when you stop what you are doing and rest, eat, etc."
breakdown,an occasion when a vehicle or machine stops working
breakfast,the first meal of the day
breakthrough,an important development that may lead to an agreement or achievement
breast,either of the two round soft parts at the front of a woman’s body that produce milk when she has had a baby
breath,the air that you take into your lungs and send out again
breathe,to take air into your lungs and send it out again through your nose or mouth
breathing,the action of taking air into the lungs and sending it out again
breed,"a particular type of animal that has been developed by people in a certain way, especially a type of dog, cat or farm animal"
brick,"baked clay used for building walls, houses and other buildings; an individual block of this"
bride,"a woman on her wedding day, or just before or just after it"
bridge,"a structure that is built over a road, railway, river, etc. so that people, vehicles, etc. can cross from one side to the other"
brief,lasting only a short time; short
briefly,for a short time
bright,full of light; shining strongly
brilliant,extremely clever or impressive
bring,to come to a place with somebody/something
broadband,"a way of connecting to the internet that allows you to receive information, including pictures, etc., very quickly and that is always active (so that the user does not have to connect each time)"
broadcast,a radio or television programme
broadcaster,a person whose job is presenting or talking on television or radio programmes
broadly,"generally, without considering details"
broken,that has been damaged or injured; no longer whole or working correctly
brother,a boy or man who has the same parents as another person
brown,having the colour of earth or coffee
browser,a computer program that lets you look at or read documents on the World Wide Web
brush,"an object made of short stiff hairs (called bristles) or wires set in a block of wood or plastic, usually attached to a handle. Brushes are used for many different jobs, such as cleaning, painting and tidying your hair."
brutal,violent and cruel
bubble,"a ball of air or gas in a liquid, or a ball of air inside a solid substance such as glass"
buck,"a US, Australian or New Zealand dollar; a South African rand; an Indian rupee"
buddy,a friend
budget,the money that is available to a person or an organization and a plan of how it will be spent over a period of time
buffer,a thing or person that reduces a shock or protects somebody/something against difficulties
bug,any small insect
build,"to make something, especially a building, by putting parts together"
building,a structure such as a house or school that has a roof and walls
bulk,the main part of something; most of something
bullet,a small metal object that is fired from a gun
bunch,a number of things of the same type which are growing or fastened together
burden,"a duty, responsibility, etc. that causes worry, difficulty or hard work"
bureaucracy,"the system of official rules and ways of doing things that a government or an organization has, especially when these seem to be too complicated"
burial,the act or ceremony of burying a dead body
burn,"an injury or a mark caused by fire, heat or acid"
burst,"to break open or apart, especially because of pressure from inside; to make something break in this way"
bury,to place a dead body in the ground
bus,"a large road vehicle that carries passengers, especially one that travels along a fixed route and stops regularly to let people get on and off"
bush,a plant that grows thickly with several hard stems coming up from the root
business,"the activity of making, buying, selling or supplying goods or services for money"
businessman,"a man who works in business, especially at a high level"
busy,having a lot to do; perhaps not free to do something else because you are working on something
but,used to introduce a word or phrase that contrasts with what was said before
butter,"a soft yellow food made from cream, used in cooking and for spreading on bread"
button,"a small round piece of metal, plastic, etc. that is sewn onto a piece of clothing and used for fastening two parts together"
buy,to obtain something by paying money for it
by,used for showing how or in what way something is done
cabin,a small room on a ship in which you live or sleep
cabinet,a group of senior members of a government that is responsible for advising and deciding on government policy
cable,"a set of wires, covered in plastic or rubber, that carries electricity, phone signals, etc."
cafe,a place where you can buy drinks and simple meals. Alcohol is not usually served in British or American cafes.
cake,"a sweet food made from a mixture of flour, eggs, butter, sugar, etc. that is baked in an oven. Cakes are made in various shapes and sizes and are often decorated, for example with cream or icing."
calculate,"to use numbers to find out a total number, amount, distance, etc."
calculation,the act or process of using numbers to find out an amount
call,the act of speaking to somebody on the phone
calm,"not excited, nervous or upset"
camera,"a piece of equipment for taking photographs, moving pictures or television pictures. It can be a separate item or part of another device."
camp,a place where people live temporarily in tents or temporary buildings
campaign,"a series of planned activities that are intended to achieve a particular social, commercial or political aim"
camping,"living in a tent, etc. on holiday"
campus,the buildings of a university or college and the land around them
can,a metal container in which food and drink is sold
canal,"a long straight passage dug in the ground and filled with water for boats and ships to travel along; a smaller passage used for carrying water to fields, crops, etc."
cancel,to decide that something that has been arranged will not now take place
cancer,"a serious disease in which growths of cells, also called cancers, form in the body and kill normal body cells. The disease often causes death."
candidate,a person who is trying to be elected or is applying for a job
candle,a round stick of wax with a piece of string (called a wick) through the middle that is lit to give light as it burns
cannot,the negative of can; can not
canvas,"a strong heavy rough material used for making tents, sails, etc. and by artists for painting on"
cap,"a type of soft flat hat with a peak (= a hard curved part sticking out in front). Caps are worn especially by men and boys, often as part of a uniform"
capability,the ability or qualities necessary to do something
capable,having the ability or qualities necessary for doing something
capacity,the number of things or people that a container or space can hold
capital,having the form and size used at the beginning of a sentence or a name
capitalism,an economic system in which a country’s businesses and industry are controlled and run for profit by private owners rather than by the government
capitalist,based on the principles of capitalism
captain,the person in charge of a ship or commercial aircraft
capture,the act of capturing somebody/something or of being captured
car,a road vehicle with an engine and four wheels that can carry a small number of passengers
carbon,"a chemical element. Carbon is found in all living things, existing in a pure state as diamond and graphite."
card,"thick, stiff paper; a piece of this for writing on"
care,the process of caring for somebody/something and providing what they need for their health or protection
career,"the series of jobs that a person has in a particular area of work, usually involving more responsibility as time passes"
careful,"giving attention or thought to what you are doing so that you avoid hurting yourself, damaging something or doing something wrong"
carefully,"with a lot of attention or thought, so that you avoid hurting yourself, damaging something or doing something wrong"
careless,"not giving enough attention and thought to what you are doing, so that you make mistakes"
cargo,"the goods carried in a ship, an aircraft or a motor vehicle"
carpet,"a piece of thick woven material made of wool, etc., used to cover the floor of a room or stairs; the material used for carpets"
carriage,a separate section of a train for carrying passengers
carrot,a long pointed orange root vegetable
carry,to support the weight of somebody/something and take them or it from place to place; to take somebody/something from one place to another
cartoon,"a humorous drawing in a newspaper or magazine, especially one about politics or events in the news"
carve,"to make objects, patterns, etc. by cutting away material from a piece of wood or stone, or another hard material"
case,a particular situation or a situation of a particular type
cash,money in the form of coins or notes
casino,a public building or room where people play gambling games for money
cast,all the people who act in a play or film
castle,"a large strong building with thick, high walls and towers, built in the past by kings or queens, or other important people, to defend themselves against attack"
casual,not formal
casualty,a person who is killed or injured in war or in an accident
cat,a small animal with soft fur that people often keep as a pet. Cats catch and kill birds and mice.
catalogue,"a complete list of items, for example of things that people can look at or buy"
catch,"an act of catching something, for example a ball"
category,a group of people or things with particular features in common
cater,to provide food and drinks for a social event
cattle,cows and bulls that are kept as farm animals for their milk or meat
cause,the person or thing that makes something happen
caution,care that you take in order to avoid danger or mistakes; the fact of not taking any risks
cautious,"being careful about what you say or do, especially to avoid danger or mistakes; not taking any risks"
cave,a large hole in the side of a hill or cliff or under the ground
CD,"a small disc on which sound or information is recorded. CDs can be played or read on various types of machines, including CD players and computers. (the abbreviation for ‘compact disc’)"
cease,to stop happening or existing; to stop something from happening or existing
ceiling,the top inside surface of a room
celebrate,to show that a day or an event is important by doing something special on it
celebration,a special event that people organize in order to celebrate something
celebrity,a famous person
cell,the smallest unit of living matter that can exist on its own. All plants and animals are made up of cells.
cemetery,"an area of land used for burying dead people, especially one that is not next to a church"
cent,"a coin and unit of money worth 1% of the main unit of money in many countries, for example of the US dollar or of the euro"
central,in the centre of an area or object
centre,the middle point or part of something
century,a period of 100 years
ceremony,a public or religious occasion that includes a series of formal or traditional actions
certain,strongly believing something; having no doubts
certainly,without doubt
certainty,the state of being certain
certificate,an official document that may be used to prove that the facts it states are true
chain,"a series of connected metal rings, used for pulling or fastening things; a length of chain used for a particular purpose"
chair,"a piece of furniture for one person to sit on, with a back, a seat and four legs"
chairman,"the person in charge of a meeting, who tells people when they can speak, etc."
challenge,a new or difficult task that tests somebody’s ability and skill
challenging,difficult in an interesting way that tests your ability
chamber,a hall in a public building that is used for formal meetings
champion,"a person, team, etc. that has won a competition, especially in a sport"
championship,a competition to find the best player or team in a particular sport
chance,"a possibility of something happening, especially something that you want"
change,the act or result of something becoming different
channel,a television station
chaos,a complete lack of order
chapter,"a separate section of a book, usually with a number or title"
character,"a person or an animal in a book, play or film"
characteristic,very typical of something or of somebody’s character
characterize,"to be typical of a person, place or thing"
charge,the amount of money that somebody asks for goods and services
charity,an organization for helping people in need
charm,the power of pleasing or attracting people
charming,very pleasant or attractive
chart,"a diagram, lists of figures, etc. that shows information"
charter,a written statement describing the rights that a particular group of people should have
chase,an act of running or driving after somebody/something in order to catch them or it
chat,a friendly informal conversation
cheap,costing little money or less money than you expected
cheat,"a person who cheats, especially in a game"
check,"an act of making sure that something is safe, correct or in good condition by examining it"
cheek,either side of the face below the eyes
cheer,"a shout of joy, support or praise"
cheerful,"happy, and showing it by the way that you behave"
cheese,a type of food made from milk that can be either soft or hard and is usually white or yellow in colour; a particular type of this food
chef,"a person whose job is to cook, especially the most senior person in a restaurant, hotel, etc."
chemical,connected with chemistry
chemistry,"the scientific study of the structure of substances, how they react when combined or in contact with one another, and how they behave under different conditions"
chest,"the top part of the front of the body, between the neck and the stomach"
chicken,a large bird that is often kept for its eggs or meat
chief,most important
child,a young human who is not yet an adult
childhood,the period of somebody’s life when they are a child
chip,a long thin piece of potato fried in oil or fat
chocolate,"a hard brown sweet food made from cocoa beans, used in cooking to add taste to cakes, etc. or eaten as a sweet"
choice,an act of choosing between two or more possibilities; something that you can choose
choir,"a group of people who sing together, for example in church services or public performances"
choose,to decide which thing or person you want out of the ones that are available
chop,to cut something into pieces with a sharp tool such as a knife
chronic,lasting for a long time; difficult to cure
chunk,"a thick, solid piece that has been cut or broken off something"
church,"a building where Christians go to attend services, pray, etc."
cigarette,"a thin tube of paper filled with tobacco, for smoking"
cinema,a building in which films are shown
circle,a completely round flat shape
circuit,"a line, route or journey around a place"
circulate,"when a liquid, gas or air circulates or is circulated, it moves continuously around a place or system"
circulation,the movement of blood around the body
circumstance,"the conditions and facts that are connected with and affect a situation, an event or an action"
cite,"to mention something as a reason or an example, or in order to support what you are saying"
citizen,a person who has the legal right to belong to a particular country
citizenship,the legal right to belong to a particular country
city,a large and important town
civic,officially connected with a town or city
civil,connected with the people who live in a country
civilian,connected with people who are not members of the armed forces or the police
civilization,a state of human society that is very developed and organized
claim,a statement that something is true although it has not been proved and other people may not agree with or believe it
clarify,to make something clearer or easier to understand
clarity,the quality of being expressed clearly
clash,a short fight between two groups of people
class,a group of students who are taught together
classic,accepted or deserving to be accepted as one of the best or most important of its kind
classical,relating to classical music
classification,the act or process of putting people or things into a group or class (= of classifying them)
classify,to arrange something in groups according to features that they have in common
classroom,a room where a class of children or students is taught
clause,"a group of words that includes a subject and a verb, and forms a sentence or part of a sentence"
clean,not dirty
clear,easy to understand and not confusing
clearly,in a way that is easy to see or hear
clerk,a person whose job is to serve customers in a shop
clever,quick at learning and understanding things
click,the act of pressing the button on a computer mouse or touchpad
client,a person who uses the services or advice of a professional person or organization
cliff,"a high area of rock with a very steep side, often at the edge of the sea or ocean"
climate,the regular pattern of weather conditions of a particular place
climb,"an act of climbing up a mountain, rock or large number of steps; a period of time spent climbing"
cling,to hold on tightly to somebody/something
clinic,a building or part of a hospital where people can go for special medical treatment or advice
clinical,relating to the examination and treatment of patients and their illnesses
clip,a short part of a film that is shown separately
clock,"an instrument for measuring and showing time, in a room, on the wall of a building or on a computer screen (not worn or carried like a watch)"
close,near in space or time
closely,near in space or time
closure,"the situation when a factory, school, hospital, etc. shuts permanently"
cloth,"material made by weaving or knitting cotton, wool, silk, etc."
clothes,"the things that you wear, such as trousers, dresses and jackets"
clothing,"clothes, especially a particular type of clothes"
cloud,"a grey or white mass that floats in the sky, made of very small drops of water"
club,an organization for people who share an interest or do a sport or activity together
clue,"an object, a piece of evidence or some information that helps the police solve a crime"
cluster,a group of things of the same type that grow or appear close together
coach,a person who trains a person or team in sport
coal,a hard black mineral that is found below the ground and burnt to produce heat
coalition,a government formed by two or more political parties working together
coast,the land next to or near to the sea or ocean
coastal,of or near a coast
coat,a piece of outdoor clothing that is worn over other clothes to keep warm or dry. Coats have sleeves (= parts covering the arms) and may be long or short.
cocktail,a drink usually made from a mixture of one or more spirits (= strong alcoholic drinks) and fruit juice. It can also be made without alcohol.
code,"a system of words, letters, numbers or symbols that represent a message or record information secretly or in a shorter form"
coffee,the roasted seeds (called coffee beans) of a tropical bush; a powder made from them
cognitive,connected with mental processes of understanding
coin,a small flat piece of metal used as money
coincide,to take place at the same time
coincidence,"the fact of two things happening at the same time by chance, in a surprising way"
cold,having a lower than usual temperature; having a temperature lower than the human body
collaborate,to work together with somebody in order to produce or achieve something
collaboration,the act of working with another person or group of people to create or produce something
collapse,"a sudden failure of something, such as an institution, a business or a course of action"
colleague,"a person that you work with, especially in a profession or a business"
collect,to bring things together from different people or places
collection,"a group of objects, often of the same sort, that have been collected"
collective,done or shared by all members of a group of people; involving a whole group or society
collector,"a person who collects things, either as a hobby or as a job"
college,(in the UK) a place where students go to study or to receive training after they have left school
collision,an accident in which two vehicles or people crash into each other
colonial,connected with or belonging to a country that controls another country
colony,"a country or an area that is governed by people from another, more powerful, country"
colour,"the appearance that things have that results from the way in which they reflect light. Red, orange and green are colours."
coloured,having a particular colour or different colours
colourful,full of bright colours or having a lot of different colours
column,one of the straight sections from top to bottom into which text on a page or screen is divided
columnist,a journalist who writes regular articles for a newspaper or magazine
combat,"fighting or a fight, especially during a time of war"
combination,two or more things joined or mixed together to form a single unit
combine,to come together to form a single thing or group; to join two or more things or groups together to form a single one
come,to move to or towards a person or place
comedy,"a play, film or TV show that is intended to be funny, usually with a happy ending; plays, films and TV shows of this type"
comfort,"the state of being physically relaxed and free from pain; the state of having a pleasant life, with everything that you need"
comfortable,"making you feel physically relaxed; pleasant to wear, sit on, etc."
comic,humorous and making you laugh
command,an order given to a person or an animal
commander,"a person who is in charge of something, especially an officer in charge of a particular group of soldiers or a military operation"
commence,to begin to happen; to begin something
comment,something that you say or write that gives an opinion on or explains somebody/something
commentary,"a spoken description of an event that is given while it is happening, especially on the radio or television"
commentator,"a person who describes an event while it is happening, especially on television or radio"
commerce,"trade, especially between countries; the buying and selling of goods and services"
commercial,connected with the buying and selling of goods and services
commission,"an official group of people who have been given responsibility to control something, or to find out about something, usually for the government"
commissioner,a member of a commission (= an official group of people who are responsible for controlling something or finding out about something)
commit,to do something wrong or illegal
commitment,a promise to do something or to behave in a particular way; a promise to support somebody/something; the fact of committing yourself
committee,"a group of people who are chosen, usually by a larger group, to make decisions or to deal with a particular subject"
commodity,a product or a raw material that can be bought and sold
common,happening often; existing in large numbers or in many places
commonly,usually; very often; by most people
communicate,"to share or exchange information, news, ideas, feelings, etc."
communication,the activity or process of expressing ideas and feelings or of giving people information
communist,connected with communism
community,"all the people who live in a particular area, country, etc. when talked about as a group"
companion,a person or an animal that travels with you or spends a lot of time with you
company,a business organization that makes money by producing or selling goods or services
comparable,similar to somebody/something else and able to be compared
comparative,measured or judged by how similar or different it is to something else
compare,to examine people or things to see how they are similar and how they are different
comparison,the process of comparing two or more people or things
compassion,a strong feeling of sympathy for people or animals who are suffering and a desire to help them
compel,to force somebody to do something; to make something necessary
compelling,that makes you pay attention to it because it is so interesting and exciting
compensate,"to provide something good to balance or reduce the bad effects of damage, loss, etc."
compensation,"something, especially money, that somebody gives you because they have hurt you, or damaged something that you own; the act of giving this to somebody"
compete,to take part in a contest or game
competence,the ability to do something well
competent,having enough skill or knowledge to do something well or to the necessary standard
competition,an event in which people compete with each other to find out who is the best at something
competitive,used to describe a situation in which people or organizations compete against each other
competitor,a person who takes part in a competition
compile,"to produce a book, list, report, etc. by bringing together different items, articles, songs, etc.; to collect information in order to produce a book, list, etc."
complain,"to say that you are annoyed, unhappy or not satisfied about somebody/something"
complaint,a reason for not being satisfied; a statement that somebody makes saying that they are not satisfied
complement,to add to something in a way that improves it or makes it more attractive
complete,"including all the parts, etc. that are necessary; whole"
completely,in every way possible; in every part
completion,the act or process of finishing something; the state of being finished and complete
complex,made of many different things or parts that are connected; difficult to understand
complexity,the state of being formed of many parts; the state of being difficult to understand
compliance,the practice of obeying rules or requests made by people in authority
complicated,made of many different things or parts that are connected; difficult to understand
complication,a thing that makes a situation more complicated or difficult
comply,"to obey a rule, an order, etc.; to meet particular standards"
component,one of several parts of which something is made
compose,to write music
composer,"a person who writes music, especially classical music"
composition,the different parts that something is made of; the way in which the different parts are organized
compound,a thing consisting of two or more separate things combined together
comprehensive,"including all, or almost all, the items, details, facts, information, etc., that may be involved"
comprise,to have somebody/something as parts or members
compromise,an agreement made between two people or groups in which each side gives up some of the things they want so that both sides are happy at the end
compulsory,that must be done because of a law or a rule
compute,to calculate something
computer,"an electronic machine that can store, organize and find information, do processes with numbers and other data, and control other machines"
conceal,to hide somebody/something
concede,"to admit that something is true, logical, etc. after first denying it or resisting it"
conceive,"to form an idea, a plan, etc. in your mind"
concentrate,to give all your attention to something and not think about anything else
concentration,"the ability to direct all your effort and attention on one thing, without thinking of other things"
concept,an idea or a principle that is connected with something abstract
conception,an understanding or a belief of what something/somebody is or what something/somebody should be
concern,"a feeling of worry, especially one that is shared by many people"
concerned,worried and feeling concern about something/somebody
concert,a public performance of music
concession,"something that you allow or do, or allow somebody to have, in order to end an argument or to make a situation less difficult"
conclude,to decide or believe something as a result of what you have heard or seen
conclusion,something that you decide when you have thought about all the information connected with the situation
concrete,made of concrete
condemn,"to say very strongly that you think something is bad, usually for moral reasons"
condition,the state that something is in
conduct,a person’s behaviour in a particular place or in a particular situation
confer,"to discuss something with somebody, in order to exchange opinions or get advice"
conference,"a large official meeting, usually lasting for a few days, at which people with the same work or interests come together to discuss their views"
confess,"to admit, especially formally or to the police, that you have done something wrong or illegal"
confession,"a statement that a person makes, admitting that they are guilty of a crime; the act of making such a statement"
confidence,"the feeling that you can trust, believe in and be sure about the abilities or good qualities of somebody/something"
confident,feeling sure about your own ability to do things and be successful
configuration,an arrangement of the parts of something or a group of things; the form or shape that this arrangement produces
confine,"to keep somebody/something inside the limits of a particular activity, subject, area, etc."
confirm,"to state or show that something is definitely true or correct, especially by providing evidence"
confirmation,"a statement, letter, etc. that shows that something is true, correct or definite"
conflict,"a situation in which people, groups or countries disagree strongly or are involved in a serious argument"
confront,to appear and need to be dealt with by somebody
confrontation,a situation in which there is anger between people or groups who disagree because they have different opinions
confuse,to make somebody unable to think clearly or understand something
confused,unable to think clearly or to understand what is happening or what somebody is saying
confusing,difficult to understand; not clear
confusion,"a state of not being certain about what is happening, what you should do, what something means, etc."
congratulate,to tell somebody that you are pleased about their success or achievements
congregation,"a group of people who are gathered together in a church for a religious service, not including the priest and choir"
congressional,related to or belonging to a congress or the Congress in the US
connect,to join together two or more things; to be joined together
connected,(of two or more things or people) having a link between them
connection,"something that connects two facts, ideas, etc."
conquer,to take control of a country or city and its people by force
conscience,the part of your mind that tells you whether your actions are right or wrong
conscious,aware of something; noticing something
consciousness,the state of being able to use your senses and mental powers to understand what is happening
consecutive,following one after another in a continuous series
consensus,an opinion that all members of a group agree with
consent,"permission to do something, especially given by somebody in authority"
consequence,"a result of something that has happened, especially an unpleasant result"
consequently,as a result; therefore
conservation,the protection of the natural environment
conservative,opposed to great or sudden social change; showing that you prefer traditional styles and values
conserve,to protect something and prevent it from being changed or destroyed
consider,"to think about something carefully, especially in order to make a decision"
considerable,"great in amount, size, importance, etc."
considerably,much; a lot
consideration,the act of thinking carefully about something
consistency,"the quality of always behaving in the same way or of having the same opinions, standard, etc.; the quality of being consistent"
consistent,"always behaving in the same way, or having the same opinions, standards, etc."
consistently,always the same
consolidate,to make a position of power or success stronger so that it is more likely to continue
conspiracy,a secret plan by a group of people to do something harmful or illegal
constant,happening all the time or repeatedly
constantly,all the time; repeatedly
constituency,a district that elects its own representative to parliament
constitute,to be considered to be something
constitution,"the system of laws and basic principles that a state, a country or an organization is governed by"
constraint,"a thing that limits something, or limits your freedom to do something"
construct,"to build or make something such as a road, building or machine"
construction,"the process or method of building or making something, especially roads, buildings, bridges, etc."
consult,to go to somebody for information or advice
consultant,a person who knows a lot about a particular subject and is employed to give advice about it to other people
consultation,the act of discussing something with somebody or with a group of people before making a decision about it
consume,"to use something, especially fuel, energy or time"
consumer,a person who buys goods or uses services
consumption,"the act of using energy, food or materials; the amount used"
contact,"the act of communicating with somebody, especially regularly"
contain,"if something contains something else, it has that thing inside it or as part of it"
container,"a box, bottle, etc. in which something can be stored or transported"
contemplate,"to think about whether you should do something, or how you should do something"
contemporary,belonging to the same time
contempt,the feeling that somebody/something is without value and deserves no respect at all
contend,"to say that something is true, especially in an argument"
contender,a person or team with a chance of winning a competition
content,happy and satisfied with what you have
contention,anger between people who disagree
contest,a competition in which people try to win something
context,the situation in which something happens and that helps you to understand it
continent,"one of the large land masses of the earth such as Europe, Asia or Africa"
continually,in a way that is repeated many times so that it is annoying
continue,to keep existing or happening without stopping
continuous,happening or existing for a period of time without being interrupted
contract,an official written agreement
contractor,a person or company that has a contract to do work or provide goods or services for another company
contradiction,"a lack of agreement between facts, opinions, actions, etc."
contrary,"the opposite fact, event or situation"
contrast,a difference between two or more people or things that you can see clearly when they are compared or put close together; the fact of comparing two or more things in order to show the differences between them
contribute,"to give something, especially money or goods, to help achieve or provide something"
contribution,a gift or payment that is made to a person or an organization in order to help pay for something
contributor,"a person who writes articles for a magazine, book or website, or who talks on a radio or television programme or at a meeting"
control,"the power to make decisions about how a country, an area, an organization, etc. is run"
controversial,causing a lot of angry public discussion and disagreement
controversy,"public discussion and argument about something that many people strongly disagree about, think is bad, or are shocked by"
convenience,"the quality of being useful, easy or suitable for somebody"
convenient,"useful, easy or quick to do; not causing problems"
convention,the way in which something is done that most people in a society expect and consider to be polite or the right way to do it
conventional,"tending to follow what is done or considered acceptable by society in general; normal and ordinary, and perhaps not very interesting"
conversation,an informal talk involving a small group of people or only two; the activity of talking in this way
conversion,"the act or process of changing something from one form, use or system to another"
convert,"to change or make something change from one form, purpose, system, etc. to another"
convey,"to make ideas, feelings, etc. known to somebody"
convict,to decide and state officially in court that somebody is guilty of a crime
conviction,the act of finding somebody guilty of a crime in court; the fact of having been found guilty
convince,to make somebody/yourself believe that something is true
convinced,completely sure about something
convincing,that makes somebody believe that something is true
cook,a person who cooks food or whose job is cooking
cooker,"a large piece of equipment for cooking food, containing an oven and gas or electric rings on top"
cooking,the process of preparing food by heating it
cool,fairly cold; not hot or warm
cooperate,to work together with somebody else in order to achieve something
cooperative,involving doing something together or working together with others towards a shared aim
coordinate,to organize the different parts of an activity and the people involved in it so that it works well
coordination,"the act of making parts of something, groups of people, etc. work together in an efficient and organized way"
coordinator,a person who organizes the different parts of an activity and the people involved in it so that it works well
cop,a police officer
cope,to deal successfully with something difficult
copper,"a chemical element. Copper is a soft red-brown metal used for making electric wires, pipes and coins."
copy,"a thing that is made to be the same as something else, especially a document or a work of art"
copyright,"if a person or an organization holds the copyright on a piece of writing, music, etc., they are the only people who have the legal right to publish, broadcast, perform it, etc., and other people must ask their permission to use it or any part of it"
core,most important; main or essential
corner,"a part of something where two or more sides, lines or edges join"
corporate,connected with a large business company
corporation,a large business company
correct,"accurate or true, without any mistakes"
correction,a change that makes something more accurate than it was before
correctly,"in a way that is accurate or true, without any mistakes"
correlate,"if two or more facts, figures, etc. correlate or if a fact, figure, etc. correlates with another, the facts are closely connected and affect or depend on each other"
correlation,a connection between two things in which one thing changes as the other does
correspond,to be the same as or match something
correspondence,"the letters, emails, etc. a person sends and receives"
correspondent,a person who reports news from a particular country or on a particular subject for a newspaper or a television or radio station
corresponding,matching or connected with something that you have just mentioned
corridor,"a long narrow passage in a building, with doors that open into rooms on either side"
corrupt,willing to use their power to do dishonest or illegal things in return for money or to get an advantage
corruption,"dishonest or illegal behaviour, especially of people in authority"
cost,"the amount of money that you need in order to buy, make or do something"
costly,"costing a lot of money, especially more than you want to pay"
costume,the clothes worn by people from a particular place or during a particular historical period
cottage,"a small house, especially in the country"
cotton,a plant grown in warm countries for the soft white hairs around its seeds that are used to make cloth and thread
could,used as the past tense of ‘can’
council,a group of people who are elected to govern an area such as a city or county
councillor,a member of a city or county council
counselling,professional advice about a problem
counsellor,"a person who has been trained to advise people with problems, especially personal problems"
count,an act of counting to find the total number of somebody/something
counter,"a long flat surface over which goods are sold or business is done in a shop, bank, etc."
counterpart,a person or thing that has the same position or function as somebody/something else in a different place or situation
countless,very many; too many to be counted or mentioned
country,an area of land that has or used to have its own government and laws
countryside,"land outside towns and cities, with fields, woods, etc."
county,"one of a number of areas that some countries are divided into, each with its own local government"
coup,a sudden change of government that is illegal and often violent
couple,two people or things
courage,"the ability to do something dangerous, or to face pain or opposition, without showing fear"
course,a series of lessons or lectures on a particular subject
court,"the place where legal trials take place and where crimes, etc. are judged"
courtesy,polite behaviour that shows respect for other people
cousin,a child of your aunt or uncle
cover,"a thing that is put over or on another thing, usually to protect it or to decorate it"
coverage,the reporting of news and sport in the media
covered,having a layer or amount of something on it
cow,a large animal kept on farms to produce milk or beef
crack,a line on the surface of something where it has broken but not split into separate parts
craft,an activity involving a special skill at making things with your hands
crash,"an accident in which a vehicle hits something, for example another vehicle, usually causing damage and often injuring or killing the passengers"
crawl,to move forward on your hands and knees or with your body close to the ground
crazy,not sensible; stupid
cream,between yellow and white in colour
create,to make something happen or exist
creation,"the act or process of making something that is new, or of causing something to exist that did not exist before"
creative,involving the use of skill and the imagination to produce something new or a work of art
creativity,the use of skill and imagination to produce something new or to produce art
creator,a person who has made or invented a particular thing
creature,"a living thing, real or imaginary, that can move around, such as an animal"
credibility,the quality that somebody/something has that makes people believe or trust them
credible,that can be believed or trusted
credit,"an arrangement that you make, with a shop for example, to pay later for something you buy"
creep,"to move slowly, quietly and carefully, because you do not want to be seen or heard"
crew,"all the people working on a ship, plane, etc."
crime,activities that involve breaking the law
criminal,connected with or involving crime
crisis,"a time of great danger, difficulty or doubt when problems must be solved or important decisions must be made"
criterion,"a standard or principle by which something is judged, or with the help of which a decision is made"
critic,"a person who expresses opinions about the good and bad qualities of books, music, etc."
critical,saying what you think is bad about somebody/something
critically,in a way that says what you think is bad about somebody/something
criticism,the act of expressing disapproval of somebody/something and opinions about their faults or bad qualities; a statement showing this disapproval
criticize,to say that you think somebody/something is bad; to say what you do not like or think is wrong about somebody/something
critique,"a piece of written criticism of a set of ideas, a work of art, etc."
crop,"a plant that is grown in large quantities, especially as food"
cross,a mark or an object formed by two lines crossing each other (X or +); the mark (X) is often used on paper to show something
crowd,"a large number of people gathered together in a public place, for example in the streets or at a sports game"
crowded,having a lot of people or too many people
crown,"an object in the shape of a circle, usually made of gold and precious stones, that a king or queen wears on his or her head on official occasions"
crucial,"extremely important, because it will affect other things"
crude,"in its natural state, before it has been processed or refined"
cruel,having a desire to cause physical or mental pain and make somebody suffer
cruise,"a journey by sea, visiting different places, especially as a holiday"
crush,"to press something so hard that it is damaged or injured, or loses its shape"
cry,a loud sound without words that expresses a strong feeling
crystal,"a small piece of a substance with many even sides, that is formed naturally when the substance becomes solid"
cue,an action or event that is a signal for somebody to do something
cult,very popular with a particular group of people
cultivate,to prepare and use land for growing plants or crops
cultural,"connected with the culture of a particular society or group, its customs, beliefs, etc."
culture,"the customs and beliefs, art, way of life and social organization of a particular country or group"
cup,"a small container that is like a bowl in shape, usually with a handle, used for drinking tea, coffee, etc."
cupboard,"a piece of furniture with doors and shelves used for storing dishes, food, clothes, etc."
cure,a medicine or medical treatment that cures an illness
curiosity,a strong desire to know about something
curious,having a strong desire to know about something
curly,having a lot of curls or a curved shape
currency,the system of money that a country uses
current,happening now; of the present time
currently,at the present time
curriculum,"the subjects that are included in a course of study or taught in a school, college, etc."
curtain,a piece of cloth that is hung to cover a window
curve,a line or surface that bends gradually; a smooth bend
curved,having a round shape
custody,the legal right or duty to take care of or keep somebody/something; the act of taking care of something/somebody
custom,an accepted way of behaving or of doing things in a society or a community
customer,a person or an organization that buys goods or services from a shop or business
cut,a wound caused by something sharp
cute,pretty and attractive
cutting,an article or a story that you cut from a newspaper or magazine and keep
cycle,a bicycle or motorcycle
cynical,believing that people only do things to help themselves rather than for good or honest reasons
daily,"happening, done or produced every day"
dairy,made from milk
dam,"a barrier that is built across a river in order to stop the water from flowing, used especially to make a reservoir (= a lake for storing water) or to produce electricity"
damage,"physical harm caused to something which makes it less attractive, useful or valuable"
damaging,causing damage; having a bad effect on somebody/something
dance,a series of movements and steps that are usually performed to music; a particular example of these movements and steps
dancer,a person who dances or whose job is dancing
dancing,moving your body to music
danger,"the possibility of something happening that will injure, harm or kill somebody, or damage or destroy something"
dangerous,"likely to injure or harm somebody, or to damage or destroy something"
dare,to be brave enough to do something
dark,"with no or very little light, especially because it is night"
darkness,"the state of being dark, without any light"
data,"facts or information, especially when examined and used to find out things or to make decisions"
database,an organized set of data that is stored in a computer and can be looked at and used in various ways
date,"a particular day of the month, sometimes in a particular year, given in numbers and words"
daughter,a person’s female child
dawn,the time of day when light first appears
day,a period of 24 hours
dead,no longer alive
deadline,a point in time by which something must be done
deadly,causing or likely to cause death
deal,"an agreement, especially in business, on particular conditions for buying or doing something"
dealer,a person whose business is buying and selling a particular product
dear,used at the beginning of a letter before the name or title of the person that you are writing to
death,the fact of somebody dying or being killed
debate,a formal discussion of an issue at a public meeting or in a parliament. In a debate two or more speakers express opposite views and then there is often a vote on the issue.
debris,"pieces of wood, metal, building materials, etc. that are left after something has been destroyed"
debt,a sum of money that somebody owes
debut,the first public appearance of a performer or sports player
decade,"a period of ten years, especially a continuous period, such as 1910–1919 or 2000–2009"
December,the 12th and last month of the year
decent,of a good enough standard or quality
decide,to think carefully about the different possibilities that are available and choose one of them
decision,a choice or judgement that you make after thinking and talking about what is the best thing to do
decision-making,"the process of deciding about something important, especially in a group of people or in an organization"
decisive,very important for the final result of a particular situation
deck,the top outside floor of a ship or boat
declaration,"an official or formal statement, especially about the plans of a government or an organization; the act of making such a statement"
declare,to say something officially or publicly
decline,"a continuous decrease in the number, value, quality, etc. of something"
decorate,to make something look more attractive by putting things on it
decoration,a thing that makes something look more attractive on special occasions
decrease,the process of reducing something; the amount that something is reduced by
dedicated,working hard at something because it is very important to you
dedication,the hard work and effort that somebody puts into an activity or a purpose because they think it is important
deed,a thing that somebody does that is usually very good or very bad
deem,to have a particular opinion about somebody/something
deep,having a large distance from the top or surface to the bottom
deeply,very; very much
default,"what happens or appears if you do not make any other choice or change, especially in a computer program"
defeat,failure to win or to be successful
defect,a fault in something or in the way it has been made that means that it is not perfect
defence,"the act of protecting somebody/something from attack, criticism, etc."
defend,to protect somebody/something from attack
defender,"a player who must stop the other team from scoring in games such as football (soccer), hockey, etc."
defensive,protecting somebody/something against attack
deficiency,"the state of not having, or not having enough of, something that is essential"
deficit,the amount by which money spent or owed is greater than money earned in a particular period of time
define,to say or explain what the meaning of a word or phrase is
definite,sure or certain; unlikely to change
definitely,a way of emphasizing that something is true and that there is no doubt about it
definition,"an explanation of the meaning of a word or phrase, especially in a dictionary"
defy,"to refuse to obey or show respect for somebody in authority, a law, a rule, etc."
degree,a unit for measuring temperature
delay,a period of time when somebody/something has to wait because of a problem that makes something slow or late
delegate,a person who is chosen or elected to represent the views of a group of people and vote and make decisions for them
delegation,"a group of people who represent the views of an organization, a country, etc."
delete,"to remove something that has been written or printed, or that has been stored on a computer"
deliberate,done on purpose rather than by accident
deliberately,"done in a way that was planned, not by chance"
delicate,easily damaged or broken
delicious,having a very pleasant taste or smell
delight,a feeling of great pleasure
delighted,very pleased
deliver,"to take goods, letters, etc. to the person or people they have been sent to"
delivery,"the act of taking goods, letters, etc. to the people they have been sent to"
demand,a very strong request for something; something that somebody needs
democracy,a system of government in which the people of a country can vote to elect their representatives
democratic,controlled by representatives who are elected by the people of a country; connected with this system
demon,an evil spirit
demonstrate,to show something clearly by giving proof or evidence
demonstration,a public meeting or a march (= an organized walk by many people) at which people show that they are protesting against or supporting somebody/something
denial,a statement that something is not true or does not exist; the action of denying something
denounce,"to strongly criticize somebody/something that you think is wrong, illegal, etc."
dense,"containing a lot of people, things, plants, etc. with little space between them"
density,the quality of being dense; the degree to which something is dense
dentist,a person whose job is to take care of people’s teeth
deny,to say that something is not true
depart,"to leave a place, especially to start a trip"
department,"a section of a large organization such as a government, business, university, etc."
departure,an act of leaving a place
depend,according to
dependence,the state of needing the help and support of somebody/something in order to survive or be successful
dependent,needing somebody/something in order to survive or be successful
depict,to show an image of somebody/something in a picture
deploy,to move soldiers or weapons into a position where they are ready for military action
deployment,the act of moving soldiers or weapons into a position where they are ready for military action
deposit,a sum of money that is given as the first part of a larger payment
depressed,very sad and without hope
depressing,making you feel very sad and without enthusiasm
depression,"a medical condition in which a person feels very sad, anxious and without hope and often has physical symptoms such as being unable to sleep, etc."
depth,the distance from the top or surface to the bottom of something; a particular distance down from the surface of something
deputy,"a person who is the next most important person below a business manager, a head of a school, a political leader, etc. and who does that person’s job when they are away"
descend,to come or go down from a higher to a lower level
descent,an action of coming or going down
describe,to say what somebody/something is like
description,a piece of writing or speech that says what somebody/something is like; the act of writing or saying in words what somebody/something is like
desert,a large area of land that has very little water and very few plants growing on it. Many deserts are covered by sand.
deserve,"to do something or show qualities that mean a particular reaction, reward or punishment is appropriate"
design,"the general arrangement of the different parts of something that is made, such as a building, book, machine, etc."
designate,to say officially that somebody/something has a particular character or name; to describe somebody/something in a particular way
designer,"a person whose job is to decide how things such as clothes, furniture, tools, etc. will look or work by making drawings, plans or patterns"
desirable,that you would like to have or do; worth having or doing
desire,a strong wish to have or do something
desk,"a piece of furniture like a table, often with drawers (= parts like boxes in it with handles on the front for pulling them open), that you sit at to read, write, work, etc."
desktop,a screen on a computer that shows the icons of programs and files that can be used
desperate,feeling or showing that you have little hope and are ready to do anything without worrying about danger to yourself or others
desperately,in a way that shows you have little hope and are ready to do anything without worrying about danger to yourself or others
despite,used to show that something happened or is true although something else might have happened to prevent it
destination,a place to which somebody/something is going or being sent
destroy,"to damage something so badly that it no longer exists, works, etc."
destruction,the act of destroying something; the process of being destroyed
destructive,causing destruction or damage
detail,a small individual fact or item; a less important fact or item
detailed,giving many details and a lot of information; paying great attention to details
detain,"to keep somebody in an official place, such as a police station, a prison or a hospital, and prevent them from leaving"
detect,"to discover or notice something, especially something that is not easy to see, hear, etc."
detection,"the process of discovering or noticing something, especially something that is not easy to see, hear, etc.; the fact of being discovered or noticed"
detective,"a person, especially a police officer, whose job is to investigate crimes and catch criminals"
detention,"the state of being kept in a place, especially a prison, and prevented from leaving"
deteriorate,to become worse
determination,the quality that makes you continue trying to do something even when this is difficult
determine,to discover the facts about something; to calculate something exactly
determined,having made a definite decision to do something and not letting anyone prevent you
devastate,to completely destroy a place or an area
develop,"to gradually grow or become bigger, more advanced, stronger, etc.; to make something do this"
development,"the steady growth of something so that it becomes more advanced, stronger, etc."
device,an object or a piece of equipment that has been designed to do a particular job
devil,the most powerful evil being
devise,to invent something new or a new way of doing something
diagnose,to say exactly what an illness or the cause of a problem is
diagnosis,the act of discovering or identifying the exact cause of an illness or a problem
diagram,"a simple drawing using lines to explain where something is, how something works, etc."
dialogue,"a conversation in a book, play or film or in language teaching materials"
diamond,"a clear precious stone of pure carbon, the hardest substance known. Diamonds are used in jewellery and also in industry, especially for cutting glass."
diary,"a book in which you can write down the experiences you have each day, your private thoughts, etc."
dictate,"to tell somebody what to do, especially in an annoying way"
dictator,"a political leader who has complete power over a country, especially one who has gained it using military force"
dictionary,"a book or electronic resource that gives a list of the words of a language in alphabetical order and explains what they mean, or gives a word for them in a foreign language"
die,to stop living
diet,the food and drink that you eat and drink regularly
differ,to be different from somebody/something
difference,the way in which two people or things are not like each other; the way in which somebody/something has changed
different,not the same as somebody/something; not like somebody/something else
differentiate,to recognize or show that two things are not the same
differently,in a different way from somebody/something
difficult,not easy; needing effort or skill to do or to understand
difficulty,a problem; a thing or situation that causes problems
dig,"to make a hole in the ground or to move soil from one place to another using your hands, a tool or a machine"
digital,"using a system of receiving and sending information as a series of the numbers one and zero, showing that an electronic signal is there or is not there"
dignity,a calm and serious manner that deserves respect
dilemma,"a situation that makes problems, often one in which you have to make a very difficult choice between things of equal importance"
dimension,"a measurement in space, for example how high, wide or long something is"
diminish,"to become smaller, weaker, etc.; to make something become smaller, weaker, etc."
dinner,"the main meal of the day, eaten either in the middle of the day or in the evening"
dip,to put something quickly into a liquid and take it out again
diplomat,"a person whose job is to represent his or her country in a foreign country, for example, in an embassy"
diplomatic,connected with managing relations between countries (= diplomacy)
direct,going in the straightest line between two places without stopping or changing direction
direction,the general position a person or thing moves or points towards
directly,without stopping or changing direction
director,one of a group of senior managers who run a company
directory,"a book or electronic resource containing lists of information, usually in alphabetical order, for example people’s phone numbers or the names and addresses of businesses in a particular area"
dirt,"any substance that makes something dirty, for example dust, soil or mud"
dirty,not clean
disability,a physical or mental condition that makes it difficult for somebody to do some things that most other people can do
disabled,having a condition that makes it difficult for you to do some things that most other people can do
disadvantage,something that causes problems and tends to stop somebody/something from succeeding or making progress
disagree,"if two people disagree or one person disagrees with another about something, they have a different opinion about it"
disagreement,a situation where people have different opinions about something and often argue
disappear,to become impossible to see
disappoint,to make somebody feel sad because something that they hope for or expect to happen does not happen or is not as good as they hoped
disappointed,"upset because something you hoped for has not happened or been as good, successful, etc. as you expected"
disappointing,"not as good, successful, etc. as you had hoped; making you feel disappointed"
disappointment,"the feeling of being sad because something has not happened or been as good, successful, etc. as you expected or hoped"
disaster,"an unexpected event, such as a very bad accident, a flood or a fire, that kills a lot of people or causes a lot of damage"
disastrous,"very bad, harmful or unsuccessful"
disc,a thin flat round object
discard,to get rid of something that you no longer want or need
discharge,to give somebody official permission to leave the police or the armed forces; to make somebody leave the police or the armed forces
discipline,the practice of training people to obey rules and orders and punishing them if they do not; the controlled behaviour or situation that is the result of this training
disclose,"to give somebody information about something, especially something that was previously secret"
disclosure,the act of making something known or public that was previously secret or private
discount,an amount of money that is taken off the usual cost of something
discourage,"to try to prevent something or to prevent somebody from doing something, especially by making it difficult to do or by showing that you do not approve of it"
discourse,a long and serious treatment or discussion of a subject in speech or writing
discover,to be the first person to become aware that a particular place or thing exists
discovery,"an act or the process of finding somebody/something, or learning about something that was not known about before"
discretion,the freedom or power to decide what should be done in a particular situation
discrimination,the practice of treating somebody or a particular group in society less fairly than others
discuss,"to talk about something with somebody, especially in order to decide something"
discussion,a conversation about somebody/something; the process of discussing somebody/something
disease,"an illness affecting humans, animals or plants, often caused by infection"
dish,a flat shallow container for cooking food in or serving it from
dishonest,not honest; intending to trick people
disk,a thin flat round object
dislike,a feeling of not liking somebody/something
dismiss,to decide that somebody/something is not important and not worth thinking or talking about
dismissal,the act of dismissing somebody from their job; an example of this
disorder,a condition or illness that causes problems with the way part of the body or brain works
displace,to take the place of somebody/something
display,an arrangement of things in a public place to inform or entertain people or advertise something for sale
disposal,the act of getting rid of something
dispose,to arrange things or people in a particular way or position
dispute,"an argument between two people, groups or countries; discussion about a subject on which people disagree"
disrupt,to make it difficult for something to continue in the normal way
disruption,a situation in which it is difficult for something to continue in the normal way; the act of stopping something from continuing in the normal way
dissolve,to mix with a liquid and become part of it
distance,the amount of space between two places or things
distant,far away in space or time
distinct,"easily or clearly heard, seen, felt, etc."
distinction,a clear difference or contrast especially between people or things that are similar or related
distinctive,having a quality or characteristic that makes something different and easily noticed
distinguish,to recognize the difference between two people or things
distort,"to change the shape, appearance or sound of something so that it is strange or not clear"
distract,to take somebody’s attention away from what they are trying to do
distress,a feeling of great worry or unhappiness; great mental pain
distribute,to give things to a large number of people; to share something between a number of people
distribution,the way that something is spread or exists over a particular area or among a particular group of people
district,"an area of a country or town, especially one that has particular features"
disturb,"to interrupt somebody when they are trying to work, sleep, etc."
disturbing,making you feel anxious and upset or shocked
dive,a jump into deep water with your head first and your arms in front of you
diverse,very different from each other and of various kinds
diversity,a range of many people or things that are very different from each other
divert,to make somebody/something change direction
divide,a difference between two groups of people or two things that separates them from each other
divine,coming from or connected with God or a god
division,the process or result of dividing into separate parts; the process or result of dividing something or sharing it out
divorce,the legal ending of a marriage
divorced,no longer married because your marriage has been legally ended
do,used to refer to actions that you do not mention by name or do not know about
doctor,"a person who has been trained in medical science, whose job is to treat people who are ill or injured"
doctrine,"a belief or set of beliefs held and taught by a Church, a political party, etc."
document,"an official paper, book or electronic file that gives information about something, or that can be used as evidence or proof of something"
documentary,a film or a radio or television programme giving facts about something
documentation,"the documents that are required for something, or that give evidence or proof of something"
dog,"an animal with four legs and a tail, often kept as a pet or trained for work, for example hunting or guarding buildings. There are many types of dog, some of which are wild."
dollar,"the unit of money in the US, Canada, Australia and several other countries"
domain,an area of knowledge or activity; especially one that somebody is responsible for
domestic,of or inside a particular country; not foreign or international
dominance,"the fact of being more important, powerful or easy to notice than somebody/something else"
dominant,"more important, powerful or easy to notice than other things"
dominate,"to control or have a lot of influence over somebody/something, especially in an unpleasant way"
donate,"to give money, food, clothes, etc. to somebody/something, especially a charity"
donation,"something that is given to a person or an organization such as a charity, in order to help them; the act of giving something in this way"
donor,"a person or an organization that makes a gift of money, clothes, food, etc. to a charity, etc."
door,"a piece of wood, glass, etc. that is opened and closed so that people can get in and out of a room, building, car, etc.; a similar thing in a cupboard"
dose,"an amount of a medicine or a drug that is taken once, or regularly over a period of time"
dot,"a small round mark, especially one that is printed"
double,twice as much or as many as usual
doubt,a feeling of being uncertain about something or not believing something
down,to or at a lower place or position
download,data that is downloaded from another computer system
downstairs,"on a floor of a house or building lower than the one you are on, especially the one at ground level"
downtown,"in, towards or typical of the centre of a city, especially its main business area"
downwards,towards the ground; towards a lower place or position
dozen,a group of twelve of the same thing
draft,a rough written version of something that is not yet in its final form
drag,to pull somebody/something along with effort and difficulty
drain,to make something empty or dry by removing the liquid from it; to become empty or dry in this way
drama,"a play for the theatre, television or radio"
dramatic,"sudden, very great and often surprising"
dramatically,very suddenly and to a very great and often surprising degree
draw,"to make pictures, or a picture of something, with a pencil, pen or chalk (but not paint)"
drawing,a picture made using a pencil or pen rather than paint
dream,"a series of images, events and feelings that happen in your mind while you are asleep"
dress,"a piece of clothing that is made in one piece and hangs down to cover the body as far as the legs, sometimes reaching to below the knees, or to the ankles"
dressed,wearing clothes and not naked or wearing clothes for sleeping
drift,to move along smoothly and slowly in water or air
drink,a liquid for drinking; an amount of a liquid that you drink
drive,a journey in a car or other vehicle
driver,a person who drives a vehicle
driving,strong and powerful; having a strong influence in making something happen
drop,a very small amount of liquid that forms a round shape
drought,a long period of time when there is little or no rain
drown,to die because you have been underwater too long and you cannot breathe; to kill somebody by holding them underwater
drug,"an illegal substance that some people smoke, inject, etc. for the physical and mental effects it has"
drum,a musical instrument made of a hollow round frame with plastic or skin stretched tightly across one or both ends. You play it by hitting it with sticks or with your hands.
drunk,having drunk so much alcohol that it is impossible to think or speak clearly
dry,not wet or sticky; without water or moisture
dual,having two parts or aspects
dub,"to give somebody/something a particular name, often in a humorous or critical way"
due,caused by somebody/something; because of somebody/something
dull,not interesting or exciting
dump,"to get rid of something you do not want, especially in a place that is not suitable"
duo,two people who perform together or are often seen or thought of together
duration,the length of time that something lasts or continues
during,all through a period of time
dust,"a fine powder that consists of very small pieces of sand, earth, etc."
duty,something that you feel you have to do because it is your moral or legal responsibility
DVD,"a disk on which large amounts of information, especially films, photographs and video, can be stored, for use on a DVD player or computer (the abbreviation for ‘digital versatile disc’ or ‘digital videodisc’)"
dynamic,having a lot of energy and a strong personality
each,"used to refer to every one of two or more people or things, when you are thinking about them separately"
eager,very interested and excited by something that is going to happen or about something that you want to do; showing this
ear,either of the organs on the sides of the head that you hear with
early,"near the beginning of a period of time, an event etc."
earn,to get money for work that you do
earnings,the money that you earn for the work that you do
earth,the world; the planet that we live on
earthquake,"a sudden, violent shaking of the earth’s surface"
ease,lack of difficulty
easily,without problems or difficulty
east,in or towards the east
eastern,located in the east or facing east
easy,not difficult; done or obtained without a lot of effort or problems
eat,"to put food in your mouth, bite it and swallow it"
echo,the reflecting of sound off a wall or inside a particular space so that a noise appears to be repeated; a sound that is reflected back in this way
ecological,connected with the relation of plants and living creatures to each other and to their environment
economic,"connected with the trade, industry and development of wealth of a country, an area or a society"
economics,"the study of how a society organizes its money, trade and industry"
economist,a person who studies or writes about economics
economy,"the relationship between production, trade and the supply of money in a particular country or region"
edge,"the outside limit of an object, a surface or an area; the part furthest from the centre"
edit,"to prepare a piece of writing, a book, etc. to be published by correcting the mistakes, making improvements to it, etc."
edition,"the form in which a book, newspaper, etc. is published"
editor,"a person who is in charge of a newspaper, magazine, etc., or part of one, and who decides what should be included"
editorial,"connected with the task of preparing something such as a newspaper, a book or a television or radio programme, to be published or broadcast"
educate,"to teach somebody over a period of time at a school, university, etc."
educated,"having had the kind of education mentioned; having been to the school, college or university mentioned"
education,"a process of teaching, training and learning, especially in schools, colleges or universities, to improve knowledge and develop skills"
educational,connected with education
educator,a person whose job is to teach or educate people
effect,a change that somebody/something causes in somebody/something else; a result
effective,producing the result that is wanted or intended; producing a successful result
effectively,in a way that produces the intended result or a successful result
effectiveness,the fact of producing the result that is wanted or intended; the fact of producing a successful result
efficiency,the quality of doing something well with no waste of time or money
efficient,"doing something in a good, careful and complete way with no waste of time, money or energy"
efficiently,"in a good and careful way, with no waste of time, money or energy"
effort,an attempt to do something especially when it is difficult to do
egg,"a small oval object with a thin hard shell produced by a female bird and containing a young bird; a similar object (without a hard shell) produced by a female fish, insect, etc."
ego,your sense of your own value and importance
either,used after negative phrases to state that a feeling or situation is similar to one already mentioned
elaborate,very complicated and detailed; carefully prepared and organized
elbow,the joint between the upper and lower parts of the arm where it bends in the middle
elderly,used as a polite word for ‘old’
elect,to choose somebody to do a particular job by voting for them
election,"the process of choosing a person or a group of people for a position, especially a political position, by voting"
electoral,connected with elections
electric,"connected with electricity; using, produced by or producing electricity"
electrical,connected with electricity; using or producing electricity
electricity,"a form of energy from charged elementary particles, usually supplied as electric current through cables, wires, etc. for lighting, heating, driving machines, etc."
electronic,"having or using many small parts, such as microchips, that control and direct a small electric current"
electronics,the branch of science and technology that studies electric currents in electronic equipment
elegant,attractive and showing a good sense of style
element,a necessary or typical part of something; one of several parts that something contains
elementary,in or connected with the first stages of a course of study
elephant,"a very large animal with thick grey skin, large ears, two curved outer teeth called tusks and a long nose called a trunk. There are two types of elephant, the African and the Asian."
elevate,"to give somebody/something a higher position or rank, often more important than they deserve"
eleven,11
eligible,"a person who is eligible for something or to do something, is able to have or do it because they have the right qualifications, are the right age, etc."
eliminate,to remove or get rid of something
elite,"a small group of people in a society, etc. who are powerful and have a lot of influence, because they are rich, intelligent, etc."
else,in addition to something already mentioned
elsewhere,"in, at or to another place or other places"
email,a way of sending messages and data to other people by means of computers connected together in a network
embark,to get onto a ship or plane; to put somebody/something onto a ship or plane
embarrassed,"shy, uncomfortable or ashamed, especially in a social situation"
embarrassing,"making you feel shy, uncomfortable or ashamed"
embarrassment,"shy, uncomfortable or guilty feelings; a feeling of being embarrassed"
embassy,a group of officials led by an ambassador who represent their government in a foreign country
embed,to fix something in a substance or solid object
embody,to express or represent an idea or a quality
embrace,to put your arms around somebody as a sign of love or friendship
emerge,to move out of or away from something and become possible to see
emergence,the fact of somebody/something moving out of or away from something and becoming possible to see
emergency,a sudden serious and dangerous event or situation that needs immediate action to deal with it
emission,"the production or sending out of light, heat, gas, etc."
emotion,"a strong feeling such as love, fear or anger; the part of a person’s character that consists of feelings"
emotional,connected with people’s feelings (= with the emotions)
emotionally,in a way that is connected with people's feelings (= with the emotions)
emphasis,special importance that is given to something
emphasize,to give special importance to something
empire,a group of countries or states that are controlled by one leader or government
empirical,based on experiments or experience rather than ideas or theories
employ,to give somebody a job to do for payment
employee,a person who is paid to work for somebody
employer,a person or company that pays people to work for them
employment,"work, especially when it is done to earn money; the state of being employed"
empower,to give somebody the power or authority to do something
empty,with no people or things inside
enable,to make it possible for somebody/something to do something
enact,to pass a law
encompass,to include a large number or range of things
encounter,"a meeting, especially one that is sudden, unexpected or violent"
encourage,"to give somebody support, courage or hope"
encouragement,the act of encouraging somebody to do something; something that encourages somebody
encouraging,"that gives somebody support, courage or hope"
end,"the final part of a period of time, an event, an activity or a story"
endeavour,"an attempt to do something, especially something new or difficult"
ending,"the last part of a story, film, etc."
endless,very large in size or amount and seeming to have no end
endorse,"to say publicly that you support a person, statement or course of action"
endorsement,a public statement or action showing that you support somebody/something
endure,to experience and deal with something that is painful or unpleasant without giving up
enemy,a person who hates somebody or who acts or speaks against somebody/something
energy,"the strength, effort and enthusiasm required for physical or mental activity, work, etc."
enforce,to make sure that people obey a particular law or rule
enforcement,the act of making people obey a particular law or rule
engage,to succeed in attracting and keeping somebody’s attention and interest
engaged,having agreed to marry somebody
engagement,an agreement to marry somebody; the period during which two people are engaged
engaging,interesting or pleasant in a way that attracts your attention
engine,the part of a vehicle that produces power to make the vehicle move
engineer,"a person whose job involves designing and building engines, machines, roads, bridges, etc."
engineering,"the activity of applying scientific knowledge to the design, building and control of machines, roads, bridges, electrical equipment, etc."
enhance,"to increase or further improve the good quality, value or status of somebody/something"
enjoy,to get pleasure from something
enjoyable,giving pleasure
enormous,extremely large
enough,to the necessary degree
enquire,to ask somebody for some information
enquiry,an official process to find out the cause of something or to find out information about something
enrich,"to improve the quality of something, often by adding something to it"
enrol,"to arrange for yourself or for somebody else to officially join a course, school, etc."
ensue,to happen after or as a result of another event
ensure,to make sure that something happens or is definite
enter,to come or go into something
enterprise,a company or business
entertain,to interest somebody or make somebody laugh in order to please them
entertaining,"that you enjoy watching, listening to, doing or experiencing"
entertainment,"films, music, etc. used to entertain people; an example of this"
enthusiasm,a strong feeling of excitement and interest in something and a desire to become involved in it
enthusiast,a person who is very interested in something and spends a lot of time doing it
enthusiastic,feeling or showing a lot of excitement and interest about somebody/something
entire,"including everything, everyone or every part"
entirely,in every way possible; completely
entitle,to give somebody the right to have or to do something
entity,something that exists separately from other things and has its own identity
entrance,"a door, gate, passage, etc. used for entering a room, building or place"
entrepreneur,"a person who makes money by starting or running businesses, especially when this involves taking financial risks"
entry,an act of going into or getting into a place
envelope,"a flat paper container used for sending letters in, with a part that you stick down to close it"
environment,"the natural world in which people, animals and plants live"
environmental,"connected with the natural conditions in which people, animals and plants live; connected with the environment"
epidemic,a large number of cases of a particular disease or medical condition happening at the same time in a particular community
episode,one part of a story that is broadcast on television or radio in several parts
equal,"the same in size, quantity, value, etc. as something else"
equality,"the fact of being equal in rights, status, advantages, etc."
equally,to the same degree; in the same or in a similar way
equation,"a statement showing that two amounts or values are equal, for example 2x + y = 54"
equip,to provide yourself/somebody/something with the things that are needed for a particular purpose or activity
equipment,the things that are needed for a particular purpose or activity
equivalent,"equal in value, amount, meaning, importance, etc."
era,"a period of time, usually in history, that is different from other periods because of particular characteristics or events"
erect,to build something
error,"a mistake, especially one that causes problems or affects the result of something"
erupt,"when a volcano erupts or burning rocks, smoke, etc. erupt or are erupted, the burning rocks, etc. are thrown out from the volcano"
escalate,"to become greater, worse, more serious, etc.; to make something greater, worse, more serious, etc."
escape,the act or a method of escaping from a place or an unpleasant or dangerous situation
especially,"more with one person, thing, etc. than with others, or more in particular circumstances than in others"
essay,a short piece of writing by a student as part of a course of study
essence,"the most important quality or feature of something, that makes it what it is"
essential,completely necessary; extremely important in a particular situation or for a particular activity
essentially,"when you think about the true, important or basic nature of somebody/something"
establish,"to start or create an organization, a system, etc. that is meant to last for a long time"
establishment,"an organization, a large institution or a hotel"
estate,an area of land with a lot of houses or factories of the same type on it
estimate,"a judgement that you make without having the exact details or figures about the size, amount, cost, etc. of something"
eternal,without an end; existing or continuing forever
ethic,moral principles that control or influence a person’s behaviour
ethical,connected with beliefs and principles about what is right and wrong
ethnic,connected with or belonging to a group of people that share a cultural tradition
euro,the unit of money of some countries of the European Union
evacuate,to move people from a place of danger to a safer place
evaluate,"to form an opinion of the amount, value or quality of something after thinking about it carefully"
evaluation,"the act of forming an opinion of the amount, value or quality of something after thinking about it carefully"
even,that can be divided exactly by two
evening,the part of the day between the afternoon and the time you go to bed
event,"a thing that happens, especially something important"
eventually,at the end of a period of time or a series of events
ever,"used in negative sentences and questions, or sentences with if to mean ‘at any time’"
every,used with singular nouns to refer to all the members of a group of things or people
everybody,every person; all people
everyday,used or happening every day or regularly; ordinary
everyone,every person; all people
everything,all things
everywhere,"in, to or at every place; all places"
evidence,"the facts, signs or objects that make you believe that something is true"
evident,clear; easily seen
evil,enjoying harming others; morally bad and cruel
evoke,"to bring a feeling, a memory or an image into your mind"
evolution,"the slow steady development of plants, animals, etc. during the history of the earth, as they adapt to changes in their environment"
evolutionary,connected with evolution; connected with slow steady development and change
evolve,"to develop gradually, especially from a simple to a more complicated form; to develop something in this way"
exact,correct in every detail
exactly,used to emphasize that something is correct in every way or in every detail
exaggerate,"to make something seem larger, better, worse or more important than it really is"
exam,"a formal written, spoken or practical test, especially at school or college, to see how much you know about a subject, or what you can do"
examination,"a formal written, spoken or practical test, especially at school or college, to see how much you know about a subject, or what you can do"
examine,"to consider or study an idea, a subject, etc. very carefully"
example,"something such as an object, a fact or a situation that shows, explains or supports what you say"
exceed,to be greater than a particular number or amount
excellence,the quality of being extremely good
excellent,extremely good
except,used before you mention something that makes a statement not completely true
exception,a person or thing that is not included in a general statement
exceptional,unusually good
excess,"in addition to an amount that is necessary, usual or legal"
excessive,greater than what seems reasonable or appropriate
exchange,an act of giving something to somebody or doing something for somebody and receiving something in return
excited,feeling or showing happiness and enthusiasm
excitement,the state of feeling or showing happiness and enthusiasm
exciting,causing great interest or excitement
exclude,to deliberately not include something in what you are doing or considering
exclusion,the act of preventing somebody/something from entering a place or taking part in something
exclusive,only to be used by one particular person or group; only given to one particular person or group
exclusively,"for only one particular person, group or use"
excuse,"a reason, either true or invented, that you give to explain or defend your behaviour"
execute,"to kill somebody, especially as a legal punishment"
execution,"the act of killing somebody, especially as a legal punishment"
executive,"connected with managing a business or an organization, and with making plans and decisions"
exercise,physical or mental activity that you do to stay healthy or become stronger
exert,to use power or influence to affect somebody/something
exhibit,"an object or a collection of objects put in a public place, for example a museum, so that people can see it"
exhibition,"a collection of things, for example works of art, that are shown to the public"
exile,"the state of being sent to live in another country that is not your own, especially for political reasons or as a punishment"
exist,to be real; to be present in a place or situation
existence,the state or fact of being real or living or of being present
exit,a way out of a public building or vehicle
exotic,"from or in another country, especially a tropical one; seeming exciting and unusual because it seems to be connected with foreign countries"
expand,"to become greater in size, number or importance; to make something greater in size, number or importance"
expansion,"an act of increasing or making something increase in size, amount or importance"
expect,to think or believe that something will happen or that somebody will do something
expectation,a belief that something will happen because it is likely
expected,that you think will happen
expedition,"an organized journey with a particular purpose, especially to find out about a place that is not well known"
expenditure,the act of spending or using money; an amount of money spent
expense,the money that you spend on something
expensive,costing a lot of money
experience,the knowledge and skill that you have gained through doing something for a period of time; the process of gaining this
experienced,having knowledge or skill in a particular job or activity
experiment,a scientific test that is done in order to study what happens and to gain new knowledge
experimental,"based on new ideas, forms or methods that are used to find out what effect they have"
expert,"done with, having or involving great knowledge or skill"
expertise,"expert knowledge or skill in a particular subject, activity or job"
expire,to be no longer legally acceptable because the period of time for which it could be used has ended
explain,to tell somebody about something in a way that makes it easy to understand
explanation,"a statement, fact, or situation that tells you why something happened; a reason given for something"
explicit,"clear and easy to understand, so that you have no doubt what is meant"
explicitly,"clearly or directly, so that the meaning is easy to understand"
explode,"to burst (= break apart) or make something burst loudly and violently, causing damage"
exploit,to treat a person or situation as an opportunity to gain an advantage for yourself
exploitation,"a situation in which somebody treats somebody else in an unfair way, especially in order to make money from their work"
exploration,the act of travelling through a place in order to find out about it or look for something in it
explore,to travel to or around an area or a country in order to learn about it
explosion,the sudden violent bursting and loud noise of something such as a bomb exploding; the act of deliberately causing something to explode
explosive,easily able or likely to explode
export,the selling and transporting of goods to another country
expose,to show something that is usually hidden
exposure,the state of being in a place or situation where there is no protection from something harmful or unpleasant
express,"to show or make known a feeling, an opinion, etc. by words, looks or actions"
expression,a word or phrase
extend,to make something longer or larger
extension,"the act of increasing the area of activity, group of people, etc. that is affected by something"
extensive,covering a large area; great in amount
extensively,in a way that covers a large area
extent,"how large, important, serious, etc. something is"
external,connected with or located on the outside of something/somebody
extra,"more than is usual, expected, or than exists already"
extract,"a short passage from a book, piece of music, etc. that gives you an idea of what the whole thing is like"
extraordinary,"unexpected, surprising or strange"
extreme,very great in degree
extremely,to a very high degree
extremist,"a person whose opinions, especially about religion or politics, are extreme, and who may do things that are violent or illegal for what they believe"
eye,either of the two organs on the face that you see with
fabric,"material made by weaving wool, cotton, silk, etc., used for making clothes, curtains, etc. and for covering furniture"
fabulous,extremely good
face,"the front part of the head, where the eyes, nose and mouth are"
facilitate,to make an action or a process possible or easier
facility,"buildings, services, equipment, etc. that are provided for a particular purpose"
fact,"a thing that is known to be true, especially when it can be proved"
faction,"a small group of people within a larger one, whose members have some different aims and beliefs to those of the larger group"
factor,one of several things that cause or influence something
factory,"a building or group of buildings where goods are made, mainly by machine"
faculty,a department or group of related departments in a college or university
fade,to become or to make something become paler or less bright
fail,to not be successful in achieving something
failed,not successful
failure,lack of success in doing or achieving something
fair,acceptable and appropriate in a particular situation
fairly,to some extent but not very
fairness,the quality of treating people equally or in a way that is reasonable
faith,trust in somebody’s ability or knowledge; trust that somebody/something will do what has been promised
fake,not what somebody claims it is; appearing to be something it is not
fall,an act of falling
false,wrong; not correct or true
fame,the state of being known and talked about by many people
familiar,well known to you; often seen or heard and therefore easy to recognize
family,connected with the family or a particular family
famous,known about by many people
fan,a person who admires somebody/something or enjoys watching or listening to somebody/something very much
fancy,"unusually complicated, often in an unnecessary way; intended to impress other people"
fantastic,extremely good; excellent
fantasy,a pleasant situation that you imagine but that is unlikely to happen
far,at a greater distance away from you
fare,"the money that you pay to travel by bus, plane, taxi, etc."
farm,"an area of land, and the buildings on it, used for growing crops and/or keeping animals"
farmer,a person who owns or manages a farm
farming,the business of managing or working on a farm
fascinating,extremely interesting and attractive
fashion,"a popular style of clothes, hair, etc. at a particular time or place; the state of being popular"
fashionable,following a style that is popular at a particular time
fast,moving or able to move quickly
fasten,to close or join together the two parts of something; to become closed or joined together
fat,having too much flesh on it and weighing too much
fatal,causing or ending in death
fate,"the things, especially bad things, that will happen or have happened to somebody/something"
father,a male parent of a child or an animal; a person who is acting as the father to a child
fault,the responsibility for something wrong that has happened or been done
favour,a thing that you do to help somebody
favourable,making people have a good opinion of somebody/something
favourite,liked more than others of the same kind
fear,the bad feeling that you have when you are in danger or when a particular thing frightens you
feat,"an action or a piece of work that needs skill, strength or courage"
feather,one of the many soft light parts covering a bird’s body
feature,"something important, interesting or typical of a place or thing"
February,"the 2nd month of the year, between January and March"
federal,"having a system of government in which the individual states of a country have control over their own affairs, but are controlled by a central government for national decisions, etc."
fee,an amount of money that you pay for professional advice or services
feed,a meal of milk for a young baby; a meal for an animal
feedback,"advice, criticism or information about how good or useful something or somebody’s work is"
feel,the feeling you get when you touch something or are touched
feeling,something that you feel through the mind or through the senses
fellow,"used to describe somebody who is the same as you in some way, or in the same situation"
female,being a woman or a girl
feminist,having or based on the belief that women should have the same rights and opportunities as men
fence,"a structure made of wood or wire supported with posts that is put between two areas of land as a boundary, or around a garden, field, etc. to keep animals in, or to keep people and animals out"
festival,"a series of performances of music, plays, films, etc., usually organized in the same place once a year; a series of public events connected with a particular activity or idea"
fever,a medical condition in which a person has a temperature that is higher than normal
few,"used with plural nouns and a plural verb to mean ‘a small number’, ‘some’"
fibre,the part of food that helps to keep a person healthy by keeping the bowels working and moving other food quickly through the body
fiction,"a type of literature that describes imaginary people and events, not real ones"
field,"an area of land in the country used for growing crops or keeping animals in, usually surrounded by a fence, etc."
fierce,angry and aggressive in a way that is frightening
fifteen,15
fifty,50
fight,a struggle against somebody/something using physical force
fighting,the activity of being involved in a battle against an enemy
figure,"a number representing a particular amount, especially one given in official information"
file,a box or folded piece of card for keeping loose papers together and in order
fill,to make something full of something; to become full of something
film,"a series of moving pictures recorded with sound that tells a story, watched at a cinema or on a television or other device"
filter,"a device containing paper, sand, chemicals, etc. that a liquid or gas is passed through in order to remove any materials that are not wanted"
final,"being or happening at the end of a series of events, actions, statements, etc."
finally,"after a long time, especially when there has been some difficulty or delay"
finance,"money used to run a business, an activity or a project"
financial,connected with money and finance
find,to discover somebody/something unexpectedly or by chance
finding,information that is discovered as the result of research into something
fine,in good health
finger,"one of the four long thin parts that stick out from the hand (or five, if the thumb is included)"
five,5
finish,the last part or the end of something
fire,"the flames, light and heat, and often smoke, that are produced when something burns"
firearm,a gun that can be carried
firefighter,a person whose job is to put out fires
firework,"a small device containing powder that burns or explodes and produces bright coloured lights and loud noises, used especially at celebrations"
firm,fairly hard; not easy to press into a different shape
firmly,in a strong or definite way
first,before anyone or anything else; at the beginning
firstly,used to introduce the first of a list of points you want to make in a speech or piece of writing
fish,"a creature that lives in water, breathes through gills, and uses fins and a tail for swimming"
fishing,the sport or business of catching fish
fit,"healthy and strong, especially because you do regular physical exercise"
fitness,the state of being physically healthy and strong
fix,"a solution to a problem, especially an easy or temporary one"
fixed,staying the same; not changing or able to be changed
fixture,a sports event that has been arranged to take place on a particular date and at a particular place
flag,"a piece of cloth with a special coloured design on it that may be the symbol of a particular country or organization, may be used to give a signal or may have a particular meaning. A flag can be attached to a pole (= a long thin straight piece of wood or metal) or held in the hand."
flame,a hot bright stream of burning gas that comes from something that is on fire
flash,a sudden bright light that shines for a moment and then disappears
flat,"having a level surface, not curved or sloping, and without holes or any bits sticking out"
flavour,how food or drink tastes
flaw,a mistake in something that means that it is not correct or does not work correctly
flawed,having a flaw; not perfect or correct
flee,"to leave a person or place very quickly, especially because you are afraid of possible danger"
fleet,a group of military ships commanded by the same person
flesh,the soft substance between the skin and bones of animal or human bodies
flexibility,the ability to change to suit new conditions or situations
flexible,able to change to suit new conditions or situations
flight,"a journey made by air, especially in a plane"
float,to move slowly on water or in the air
flood,a large amount of water covering an area that is usually dry
floor,the surface of a room that you walk on
flour,"a fine white or brown powder made from grain, especially wheat, and used in cooking for making bread, cakes, etc."
flourish,to develop quickly and become successful or common
flow,the steady and continuous movement of something/somebody in one direction
flower,the coloured part of a plant from which the seed or fruit develops. Flowers usually grow at the end of a stem and last only a short time.
flu,"a serious disease caused by a virus, that causes a high temperature, severe pains and weakness"
fluid,a liquid; a substance that can flow
fly,a small flying insect with two wings. There are many different types of fly and many of them spread disease.
flying,able to fly
focus,the thing or person that people are most interested in; the act of paying special attention to something and making people interested in it
fold,"a part of something, especially cloth, that is folded or hangs as if it had been folded"
folding,"that can be folded, so that it can be carried or stored in a small space"
folk,traditional and typical of the ordinary people of a country or community
follow,to come or go after or behind somebody/something
following,that is/are going to be mentioned next
fond,"having warm or loving feelings for somebody, especially somebody you have known for a long time"
food,things that people or animals eat
fool,a person who you think behaves or speaks in a way that lacks intelligence or good judgement
foot,"the lowest part of the leg, below the ankle, on which a person or an animal stands"
footage,part of a film showing a particular event
football,"a game played by two teams of 11 players, using a round ball that players kick up and down the playing field. Teams try to kick the ball into the other team’s goal."
for,used to show who is intended to have or use something or where something is intended to be put
forbid,to order somebody not to do something; to order that something must not be done
force,violent physical action used to obtain or achieve something
forecast,"a statement about what will happen in the future, based on information that is available now"
foreign,in or from a country that is not your own
foreigner,a person who comes from a different country
forest,a large area of land that is thickly covered with trees
forever,used to say that a particular situation or state will always exist
forge,to put a lot of effort into making something successful or strong so that it will last
forget,"to not remember to do something that you ought to do, or to bring or buy something that you ought to bring or buy"
forgive,"to stop feeling angry with somebody who has done something to harm, annoy or upset you; to stop feeling angry with yourself"
fork,"a tool with a handle and three or four sharp points (called prongs), used for picking up and eating food"
form,a type or variety of something
formal,very correct and suitable for official or important occasions
format,"the general arrangement, plan, design, etc. of something"
formation,the action of forming something; the process of being formed
former,that existed in earlier times
formerly,in the past
formula,"a series of letters, numbers or symbols that represent a rule or law"
formulate,"to create or prepare something carefully, giving particular attention to the details"
forth,away from a place; out
forthcoming,"going to happen, be published, etc. very soon"
fortunate,"having or bringing an advantage, an opportunity, a piece of good luck, etc."
fortunately,by good luck
fortune,a large amount of money
forum,an event or medium where people can exchange opinions and ideas on a particular issue; a meeting organized for this purpose
forward,directed or moving towards the front
fossil,the parts of a dead animal or a plant that have become hard and turned into rock
foster,to encourage something to develop
found,"to start something, such as an organization or an institution, especially by providing money"
foundation,"a principle, an idea or a fact that something is based on and that it grows from"
founder,"a person who starts an organization, institution, etc. or causes something to be built"
fraction,a small part or amount of something
fragile,easily broken or damaged
fragment,a small part of something that has broken off or comes from something larger
frame,"a strong border or structure of wood, metal, etc. that holds a picture, door, piece of glass, etc. in position"
framework,the parts of a building or an object that support its weight and give it shape
franchise,formal permission given by a company to somebody who wants to sell its goods or services in a particular area; formal permission given by a government to somebody who wants to operate a public service as a business
frankly,in an honest and direct way that people might not like
fraud,the crime of cheating somebody in order to get money or goods illegally
free,without particular plans or arrangements; not busy
freedom,the power or right to do or say what you want without anyone stopping you
freely,without anyone trying to prevent or control something
freeze,"to become hard, and often turn to ice, as a result of extreme cold; to make something do this"
frequency,the rate at which something happens or is repeated
frequent,happening or doing something often
fresh,"recently produced or picked and not frozen, dried or preserved in tins or cans"
Friday,the day of the week after Thursday and before Saturday
fridge,a piece of electrical equipment in which food is kept cold so that it stays fresh
friend,"a person you know well and like, and who is not usually a member of your family"
friendly,behaving in a kind and pleasant way because you like somebody or want to help them
friendship,a relationship between friends
frighten,to make somebody suddenly feel afraid
frightened,afraid; feeling fear
frightening,making you feel afraid
frog,"a small animal with smooth skin, that lives both on land and in water (= is an amphibian). Frogs have very long back legs for jumping, and no tail."
from,used to show where somebody/something starts
front,on or at the front of something
frozen,kept at a very low temperature in order to preserve it
fruit,"the part of a plant that consists of one or more seeds and a soft inner part, can be eaten as food and usually tastes sweet"
frustrated,feeling annoyed and impatient because you cannot do or achieve what you want
frustrating,causing you to feel annoyed and impatient because you cannot do or achieve what you want
frustration,the feeling of being frustrated
fry,to cook something in hot fat or oil; to be cooked in hot fat or oil
fuel,"any material that produces heat or power, usually when it is burnt"
fulfil,to do or achieve what was hoped for or expected
full,containing or holding as much or as many as possible; having no empty space
full-time,"for all the hours of a week during which people normally work or study, rather than just for a part of it"
fully,completely
fun,that you enjoy
function,a special activity or purpose of a person or thing
functional,practical and useful; with little or no decoration
fund,an amount of money that has been saved or has been made available for a particular purpose
fundamental,serious and very important; affecting the most central and important parts of something
fundamentally,in every way that is important; completely
funding,money for a particular purpose; the act of providing money for such a purpose
fundraising,"the activity of collecting money for a charity or organization, often by organizing social events or entertainments"
funeral,"a ceremony, often a religious one, for burying or cremating (= burning) a dead person"
funny,making you laugh
fur,the soft thick mass of hair that grows on the body of some animals
furious,very angry
furniture,"objects that can be moved, such as tables, chairs and beds, that are put into a house or an office to make it suitable for living or working in"
further,more; additional
furthermore,in addition to what has just been stated. Furthermore is used especially to add a point to an argument.
future,taking place or existing at a time after the present
gain,"an increase in the amount of something, especially in wealth or weight"
gallery,"a room or building for showing works of art, especially to the public"
gallon,"a unit for measuring liquid. In the UK, Canada and other countries it is equal to about 4.5 litres; in the US it is equal to about 3.8 litres. There are four quarts in a gallon."
gambling,"the activity of playing games of chance for money and of betting on horses, etc."
game,"an activity that you do to have fun, often one that has rules and that you can win or lose; the equipment for a game"
gaming,playing computer games
gang,an organized group of criminals
gap,a space where something is missing
garage,a building for keeping one or more cars or other vehicles in
garden,"a piece of land next to or around your house where you can grow flowers, fruit, vegetables, etc., usually with a lawn (= an area of grass)"
gas,"any substance like air that is neither a solid nor a liquid, for example hydrogen or oxygen"
gate,a barrier like a door that is used to close an opening in a fence or a wall outside a building
gather,"to come together, or bring people together, in one place to form a group"
gathering,a meeting of people for a particular purpose
gay,sexually attracted to people of the same sex
gaze,"a long, steady look at somebody/something"
gear,equipment in a vehicle that changes the relation between engine speed (or pedal speed on a bicycle) and the speed of the wheels moving forwards or backwards
gender,"the fact of being male or female, especially when considered with reference to social and cultural differences, rather than differences in biology; members of a particular gender as a group"
gene,a unit inside a cell that controls a particular quality in a living thing that has been passed on from its parents
general,"affecting all or most people, places or things"
generally,by or to most people
generate,"to produce energy, especially electricity"
generation,all the people who were born at about the same time
generic,"shared by, including or typical of a whole group of things; not specific"
generous,giving or willing to give freely; given freely
genetic,connected with genes (= the units in the cells of a living thing that control its physical characteristics) or genetics (= the study of genes)
genius,"unusually great intelligence, skill or artistic ability"
genocide,"the murder of a large number of people from a particular nation or ethnic group, with the aim of destroying that nation or group"
genre,"a particular type or style of literature, art, film or music that you can recognize because of its special features"
gentle,calm and kind; doing things in a quiet and careful way
gentleman,"a man who is polite and well educated, who has excellent manners and always behaves well"
genuine,real; exactly what it appears to be; not artificial
genuinely,truly; in a way that is exactly what it appears to be and is not artificial
geography,"the scientific study of the earth’s surface, physical features, divisions, products, population, etc."
gesture,"a movement that you make with your hands, your head or your face to show a particular meaning"
get,to receive something
ghost,the spirit of a dead person that a living person believes they can see or hear
giant,very large; much larger or more important than similar things usually are
gift,"a thing that you give to somebody, especially on a special occasion or to say thank you"
gig,a performance by musicians playing popular music or jazz in front of an audience; a similar performance by a comedian
girl,a female child
girlfriend,a girl or a woman that somebody is having a romantic relationship with
give,"to hand something to somebody so that they can look at it, use it or keep it for a time"
glad,pleased; happy
glance,a quick look
glass,"a hard, usually clear, substance used, for example, for making windows and bottles"
glimpse,"a sight of somebody/something for a very short time, when you do not see the person or thing completely"
global,covering or affecting the whole world
globe,the world (used especially to emphasize its size)
glorious,deserving or bringing great success and making somebody/something famous
glory,great success that brings somebody praise and honour and makes them famous
glove,"a piece of clothing for the hand, made of wool, leather, etc. with separate parts for each finger and the thumb"
go,a person’s turn to move or play in a game or an activity
goal,a frame with a net into which players must kick or hit the ball in order to score a point
god,the being or spirit that is worshipped and is believed to have created the universe
gold,"bright yellow in colour, like gold"
golden,made of gold
golf,"a game played over a large area of ground using sticks with a special shape to hit a small hard ball (a golf ball) into a series of 9 or 18 holes, using as few shots as possible"
good,of high quality or an acceptable standard
goodbye,used when you are leaving somebody or when somebody else is leaving
goodness,the quality of being good
goods,things that are produced to be sold
gorgeous,very beautiful and attractive; giving great pleasure
govern,"to legally control a country or its people and be responsible for introducing new laws, organizing public services, etc."
governance,the activity of governing a country or controlling a company or an organization; the way in which a country is governed or a company or institution is controlled
government,the group of people who are responsible for controlling a country or a state
governor,a person who is the official head of a country or region that is governed by another country
grab,to take or hold somebody/something with your hand suddenly or roughly
grace,an attractive quality of movement that is smooth and done with control; a simple and beautiful quality
grade,a mark given in an exam or for a piece of school work
gradually,"slowly, over a long period of time"
graduate,a person who has a university degree
grain,"the small hard seeds of food plants such as wheat, rice, etc.; a single seed of such a plant"
grand,impressive and large or important
grandfather,the father of your father or mother
grandmother,the mother of your father or mother
grandparent,the father or mother of your father or mother
grant,a sum of money that is given by the government or by another organization to be used for a particular purpose
graphic,"connected with drawings and design, especially in the production of books, magazines, websites, etc."
graphics,"designs, drawings or pictures that are used especially in the production of books, magazines, websites, etc."
grasp,a strong hold of somebody/something or control over somebody/something
grass,"a common wild plant with narrow green leaves and stems that are eaten by cows, horses, sheep, etc."
grateful,feeling or showing thanks because somebody has done something kind for you or has done as you asked
grave,very serious and important; giving you a reason to feel worried
gravity,"the force that attracts objects in space towards each other, and that on the earth pulls them towards the centre of the planet, so that things fall to the ground when they are dropped"
great,very good or pleasant
greatly,very much
green,having the colour of grass or the leaves of most plants and trees
greet,to say hello to somebody or to welcome them
grey,having the colour of smoke or ashes
grid,"a pattern of straight lines, usually crossing each other to form squares"
grief,"a very sad feeling, especially when somebody dies"
grin,a wide smile
grind,to break or press something into very small pieces between two hard surfaces or using a special machine
grip,an act of holding somebody/something tightly; a particular way of doing this
grocery,a shop that sells food and other things used in the home. In American English ‘grocery store’ is often used to mean ‘supermarket’.
gross,being the total amount of something before anything is taken away
ground,the solid surface of the earth
group,a number of people or things that are together in the same place or that are connected in some way
grow,"to increase in size, number, strength or quality"
growth,"the process in people, animals or plants of growing physically, mentally or emotionally"
guarantee,a formal promise that you will do something or that something will happen
guard,"a person, such as a soldier, a police officer or a prison officer, who protects a place or people, or prevents prisoners from escaping"
guerrilla,"a member of a small group of soldiers who are not part of an official army and who fight against official soldiers, usually to try to change the government"
guess,an attempt to give an answer or an opinion when you cannot be certain if you are right
guest,a person that you have invited to your house or to a particular event that you are paying for
guidance,"help or advice that is given to somebody, especially by somebody older or with more experience"
guide,"a person who shows other people the way to a place, especially somebody employed to show tourists around interesting places"
guideline,"a set of rules or instructions that are given by an official organization telling you how to do something, especially something difficult"
guilt,the unhappy feelings caused by knowing or thinking that you have done something wrong
guilty,feeling ashamed because you have done something that you know is wrong or have not done something that you should have done
guitar,a musical instrument that usually has six strings and that you play with your fingers or with a plectrum
gun,a weapon that is used for firing bullets or shells
gut,the tube in the body through which food passes when it leaves the stomach
gym,"a room or hall with equipment for doing physical exercise, for example in a school"
habit,"a thing that you do often and almost without thinking, especially something that is hard to stop doing"
habitat,the place where a particular type of animal or plant is normally found
hail,"to describe somebody/something as being very good or special, especially in newspapers, etc."
hair,the substance that looks like a mass of fine threads growing on a person's head
half,to the extent of half
halfway,at an equal distance between two points; in the middle of a period of time
hall,a space or passage inside the entrance or front door of a building
halt,an act of stopping the movement or progress of somebody/something
hand,"the part of the body at the end of the arm, including the fingers and thumb"
handful,the amount of something that can be held in one hand
handle,"the part of a door, window, etc. that you use to open it"
handling,"the way that somebody deals with or treats a situation, a person, an animal, etc."
handy,easy to use or to do
hang,"to attach something, or to be attached, at the top so that the lower part is free or loose"
happen,"to take place, especially without being planned"
happily,in a cheerful way; with feelings of pleasure
happiness,the state of feeling or showing pleasure
happy,feeling or showing pleasure; pleased
harassment,the act of annoying or worrying somebody by putting pressure on them or saying or doing unpleasant things to them
harbour,"an area of water on the coast, protected from the open sea by strong walls, where ships can shelter"
hard,"difficult to do, understand or answer"
hardly,almost no; almost not; almost none
hardware,the machines and electronic parts in a computer or other electronic system
harm,damage or injury that is caused by a person or an event
harmful,"causing damage or injury to somebody/something, especially to a person’s health or to the environment"
harmony,a state of peaceful existence and agreement
harsh,"cruel, severe and unkind"
harvest,"the time of year when the crops are gathered in on a farm, etc.; the act of cutting and gathering crops"
hat,"a piece of clothing made to fit the head, often with a brim (= a flat edge that sticks out), usually worn out of doors"
hate,a very strong feeling of dislike for somebody
hatred,a very strong feeling of dislike for somebody/something
haunt,"if the ghost of a dead person haunts a place, people say that they have seen it there"
have,"to own, hold or possess something"
hazard,something that can be dangerous or cause damage
he,a male person or animal that has already been mentioned or is easily identified
head,"the part of the body on top of the neck containing the eyes, nose, mouth and brain"
headache,a continuous pain in the head
headline,"the title of a news article printed in large letters, especially at the top of the front page on a newspaper or the home page on a news website"
headquarters,a place from which an organization or a military operation is controlled; the people who work there
heal,to become healthy again; to make something healthy again
health,the condition of a person’s body or mind
healthcare,the service of providing medical care
healthy,having good health and not likely to become ill
hear,to be aware of sounds with your ears
hearing,the ability to hear
heart,"the organ in the chest that sends blood around the body, usually on the left in humans"
heat,the quality of being hot
heating,the process of supplying heat to a room or building; a system used to do this
heaven,"the place believed to be the home of God where good people go when they die, sometimes imagined to be in the sky"
heavily,to a great degree; in large amounts
heavy,weighing a lot; difficult to lift or move
heel,the back part of the foot below the ankle
height,the measurement of how tall a person or thing is
heighten,"if a feeling or an effect heightens, or something heightens it, it becomes stronger or increases"
helicopter,an aircraft without wings that has large blades (= long flat parts) on top that go round. It can fly straight up from the ground and can also stay in one position in the air.
hell,the place believed to be the home of devils and where bad people go after death
hello,"used as a greeting when you meet somebody, in an email, when you answer the phone or when you want to attract somebody’s attention"
helmet,"a type of hard hat that protects the head, worn, for example, by a police officer, a soldier or a person riding a bike or motorbike or playing some sports"
help,the act of helping somebody to do something
helpful,able to improve a particular situation
hence,for this reason
her,of or belonging to a woman or girl who has already been mentioned or is easily identified
herb,"a plant whose leaves, flowers or seeds are used to add taste to food, in medicines or for their pleasant smell. parsley, mint and oregano are all herbs."
here,"used after a verb or preposition to mean ‘in, at or to this position or place’"
heritage,"the history, traditions, buildings and objects that a country or society has had for many years and that are considered an important part of its character"
hero,a person who is admired by many people for doing something brave or good
hers,of or belonging to her
herself,used when the woman or girl who performs an action is also affected by it
hesitate,to be slow to speak or act because you feel uncertain or nervous
hey,"used to attract somebody’s attention or to express interest, surprise or anger"
hi,used to say hello
hidden,something that is hidden is kept or located in a place where it cannot be seen
hide,to put or keep somebody/something in a place where they/it cannot be seen or found
hierarchy,"a system, especially in a society or an organization, in which people are organized into different levels of importance from highest to lowest"
high,measuring a long distance from the bottom to the top
high-profile,receiving or involving a lot of attention and discussion in the media
highlight,"the best, most interesting or most exciting part of something"
highway,"a main road for travelling long distances, especially one connecting and going through cities and towns"
hilarious,extremely funny
hill,"an area of land that is higher than the land around it, but not as high as a mountain"
him,"used as the object of a verb, after the verb be or after a preposition to refer to a male person or animal that has already been mentioned or is easily identified"
himself,used when the man or boy who performs an action is also affected by it
hint,something that you say or do in an indirect way in order to show somebody what you are thinking
hip,the area at either side of the body between the top of the leg and the middle part of the body; the joint at the top of the leg that connects it with the top part of the body
hire,the act of paying to use something for a short time
his,of or belonging to a man or boy who has already been mentioned or is easily identified
historian,a person who studies or writes about history; an expert in history
historic,important in history; likely to be thought of as important at some time in the future
historical,connected with the past
history,all the events that happened in the past
hit,an act of hitting somebody/something with your hand or with an object held in your hand
hobby,an activity that you do for pleasure when you are not working
hockey,"a game played on a field by two teams of 11 players, with curved sticks and a small hard ball. Teams try to hit the ball into the other team’s goal."
hold,the action of holding somebody/something; the way you are holding somebody/something
hole,a hollow space in something solid or in the surface of something
holiday,a period of time when you are not at work or school
hollow,having a hole or empty space inside
holy,connected with God or a particular religion
home,connected with the place where you live
homeland,the country where a person was born
homeless,"having no home, and therefore typically living on the streets"
homework,work that is given by teachers for students to do at home
honest,"always telling the truth, and never stealing or cheating"
honesty,the quality of being honest
honour,great respect for somebody
hook,"a curved piece of metal, plastic or wire for hanging things on, catching fish with, etc."
hope,a feeling of wanting and expecting a particular thing to happen; something that you wish for
hopeful,believing that something you want will happen
hopefully,used to express what you hope will happen
horizon,"the furthest that you can see, where the sky seems to meet the land or the sea"
horn,"a hard pointed part that grows, usually in pairs, on the heads of some animals, such as sheep and cows. Horns are often curved."
horrible,very bad or unpleasant; used to describe something that you do not like
horror,a feeling of great shock or fear
horse,"a large animal with four legs, a mane (= long thick hair on its neck) and a tail. Horses are used for riding on, pulling carriages, etc."
hospital,a large building where people who are ill or injured are given medical treatment and care
host,"a person who invites guests to a meal, a party, etc. or who has people staying at their house"
hostage,"a person who is captured and held prisoner by a person or group, and who may be injured or killed if people do not do what the person or group is asking"
hostile,aggressive or unfriendly and ready to argue or fight
hostility,aggressive or unfriendly feelings or behaviour
hot,having a high temperature; producing heat
hotel,"a building where people stay, usually for a short time, paying for their rooms and meals"
hour,60 minutes; one of the 24 parts that a day is divided into
house,"a building for people to live in, usually for one family"
household,all the people living together in a house or flat
housing,"houses, flats, etc. that people live in, especially when referring to their type, price or condition"
how,in what way or manner
however,used to introduce a statement that contrasts with something that has just been said
huge,extremely large in size or amount; great in degree
human,"of or connected with people rather than animals, machines or gods"
humanitarian,connected with helping people who are suffering and improving the conditions that they are living in
humanity,people in general
humble,showing you do not think that you are as important as other people
humorous,funny; showing a sense of humour
humour,the quality in something that makes it funny; the ability to laugh at things that are funny
hunger,"the state of not having enough food to eat, especially when this causes illness or death"
hundred,100
hungry,feeling that you want to eat something
hunt,an act of looking for somebody/something that is difficult to find
hunting,going after and killing wild animals as a sport or for food
hurricane,"a violent storm with very strong winds, especially in the western Atlantic Ocean"
hurry,the need or wish to get something done quickly
hurt,injured physically
husband,the man that somebody is married to; a married man
hypothesis,an idea or explanation of something that is based on a few known facts but that has not yet been proved to be true or correct
I,used as the subject of a verb when the speaker or writer is referring to himself/herself
ice,water that has frozen and become solid
icon,a small symbol on a computer or smartphone screen that represents a program or a file
ID,"an official way of showing who you are, for example a document with your name, date of birth and often a photograph on it (the abbreviation for ‘identity’ or ‘identification’)"
idea,"a plan, thought or suggestion, especially about what to do in a particular situation"
ideal,perfect; most suitable
identical,similar in every detail
identification,"the process of showing, proving or recognizing who or what somebody/something is"
identify,to recognize somebody/something and be able to say who or what they are
identity,who or what somebody/something is
ideological,based on or connected with an ideology
ideology,a set of ideas that an economic or political system is based on
idiot,a rude way to refer to somebody who you think is very stupid
if,"used to say that one thing can, will or might happen or be true, depending on another thing happening or being true"
ignorance,a lack of knowledge or information about something
ignore,to pay no attention to something
ill,suffering from an illness or disease; not feeling well
illegal,not allowed by the law
illness,the state of being physically or mentally ill
illusion,"a false idea or belief, especially about somebody or about a situation"
illustrate,"to use pictures, photographs, diagrams, etc. in a book, etc."
illustration,"a drawing or picture in a book, magazine, for decoration or to explain something"
image,"a picture, photograph or statue that represents somebody/something"
imagery,language that produces pictures in the minds of people reading or listening
imaginary,existing only in your mind or imagination
imagination,the ability to create pictures in your mind; the part of your mind that does this
imagine,to form a picture in your mind of what something might be like
immediate,happening or done without delay
immediately,without delay
immense,extremely large or great
immigrant,a person who has come to live permanently in a different country from the one they were born in
immigration,the process of coming to live permanently in a different country from the one you were born in; the number of people who do this
imminent,likely to happen very soon
immune,that cannot catch or be affected by a particular disease or illness
impact,the powerful effect that something has on somebody/something
impatient,"annoyed by somebody/something, especially because you have to wait for a long time"
implement,to make something that has been officially decided start to happen or be used
implementation,the act of making something that has been officially decided start to happen or be used
implication,a possible effect or result of an action or a decision
imply,"to suggest that something is true or that you feel or think something, without saying so directly"
import,a product or service that is brought into one country from another
importance,the quality of being important
important,having a great effect on people or things; of great value
impose,"to introduce a new law, rule, tax, etc.; to order that a rule, punishment, etc. be used"
impossible,that cannot exist or be done; not possible
impress,"if a person or thing impresses you, you admire them or it"
impressed,"admiring somebody/something because you think they are particularly good, interesting, etc."
impression,"an idea, a feeling or an opinion that you get about somebody/something, or that somebody/something gives you"
impressive,"making you admire them, because they are very large, good, skilful, etc."
imprison,to put somebody in a prison or another place from which they cannot escape
imprisonment,the act of putting somebody in a prison or another place from which they cannot escape; the state of being there
improve,to become better than before; to make something/somebody better than before
improvement,the act of making something better; the process of something becoming better
in,"into an object, an area or a substance"
inability,the fact of not being able to do something
inadequate,not enough; not good enough
inappropriate,not suitable or appropriate in a particular situation
incentive,something that encourages you to do something
inch,"a unit for measuring length or height, equal to 2.54 centimetres. There are 12 inches in a foot."
incidence,the extent to which something happens or has an effect
incident,"something that happens, especially something unusual or unpleasant"
inclined,wanting to do something
include,"if one thing includes another, it has the second thing as one of its parts"
included,contained as part of something
including,having something as part of a group or set
inclusion,the fact of including somebody/something; the fact of being included
income,"the money that a person, a region, a country, etc. earns from work, from investing money, from business, etc."
incorporate,to include something so that it forms a part of something
incorrect,not accurate or true
increase,"a rise in the amount, number or value of something"
increasingly,more and more all the time
incredible,impossible or very difficult to believe
incredibly,extremely
incur,"if you incur something unpleasant, you are in a situation in which you have to deal with it"
indeed,"used after very and an adjective or adverb to emphasize a statement, description, etc."
independence,freedom from political control by other countries
independent,having its own government
index,"a list of names or topics that are referred to in a book, etc., usually arranged at the end of a book in alphabetical order or listed in a separate file or book"
indicate,to show that something is true or exists
indication,a remark or sign that shows that something is happening or what somebody is thinking or feeling
indicator,a sign that shows you what something is like or how a situation is changing
indictment,"a sign that a system, society, etc. is very bad or very wrong"
indigenous,"coming from a particular place and having lived there for a long time before other people came there; relating to, belonging to or developed by these people"
indirect,"happening not as the main aim, cause or result of a particular action, but in addition to it"
individual,considered separately rather than as part of a group
indoor,"located, done or used inside a building"
indoors,inside or into a building
induce,to persuade or influence somebody to do something
indulge,"to allow yourself to have or do something that you like, especially something that is considered bad for you"
industrial,connected with industry
industry,"the production of goods from raw materials, especially in factories"
inequality,"the unfair difference between groups of people in society, when some have more wealth, status or opportunities than others"
inevitable,that you cannot avoid or prevent
inevitably,as is certain to happen
infamous,well known for being bad or evil
infant,a baby or very young child
infect,"to make a disease or an illness spread to a person, an animal or a plant"
infection,the act or process of causing or getting a disease
infer,to reach an opinion or decide that something is true on the basis of information that is available
inflation,"a general rise in the prices of services and goods in a particular country, resulting in a fall in the value of money; the rate at which this happens"
inflict,to make somebody/something suffer something unpleasant
influence,the effect that somebody/something has on the way a person thinks or behaves or on the way that something works or develops
influential,having a lot of influence on somebody/something
info,information
inform,"to tell somebody about something, especially in an official way"
informal,relaxed and friendly; not following strict rules of how to behave or do something
information,facts or details about somebody/something
ingredient,"one of the things from which something is made, especially one of the foods that are used together to make a particular dish"
inhabitant,a person or an animal that lives in a particular place
inherent,that is a basic or permanent part of somebody/something and that cannot be removed
inherit,"to receive money, property, etc. from somebody when they die"
inhibit,to prevent something from happening or make it happen more slowly or less frequently than normal
initial,happening at the beginning; first
initially,at the beginning
initiate,to make something begin
initiative,a new plan for dealing with a particular problem or for achieving a particular purpose
inject,to put a drug or other substance into a person’s or an animal’s body using a syringe
injection,an act of injecting somebody with a drug or other substance
injure,"to harm yourself or somebody else physically, especially in an accident"
injured,physically hurt; having an injury
injury,"harm done to a person’s or an animal’s body, for example in an accident"
injustice,the fact of a situation being unfair and of people not being treated equally; an unfair act or an example of unfair treatment
ink,"coloured liquid for writing, drawing and printing"
inmate,one of the people living in an institution such as a prison or a psychiatric hospital
inner,inside; towards or close to the centre of a place
innocent,"not guilty of a crime, etc.; not having done something wrong"
innovation,"the introduction of new things, ideas or ways of doing something"
innovative,"introducing or using new ideas, ways of doing something, etc."
input,"time, knowledge, ideas, etc. that you put into work, a project, etc. in order to make it succeed; the act of putting something in"
inquiry,an official process to find out the cause of something or to find out information about something
insect,"any small creature with six legs and a body divided into three parts. Insects usually also have wings. Ants, bees and flies are all insects."
insert,to put something into something else or between two things
insertion,the act of putting something inside something else; a thing that is put inside something else
inside,forming the inner part of something; not on the outside
insider,"a person who knows a lot about a group or an organization, because they are part of it"
insight,an understanding of what something is like
insist,to demand that something happen or that somebody agree to do something
inspect,"to look closely at something/somebody, especially to check that everything is as it should be"
inspection,"an official visit to a school, factory, etc. in order to check that rules are being obeyed and that standards are acceptable"
inspector,an officer of middle rank in the police force
inspiration,"the process that takes place when somebody sees or hears something that causes them to have exciting new ideas or makes them want to create something, especially in art, music or literature"
inspire,"to give somebody the desire, confidence or enthusiasm to do something well"
install,to fix equipment or furniture into position so that it can be used
installation,the act of fixing equipment or furniture in position so that it can be used
instance,a particular example or case of something
instant,happening immediately
instantly,immediately
instead,in the place of somebody/something
instinct,a natural quality that makes people and animals tend to behave in a particular way using the knowledge and abilities that they were born with rather than thought or training
institute,"an organization that has a particular purpose, especially one that is connected with education or a particular profession; the building used by this organization"
institution,"a large important organization that has a particular purpose, for example a university or bank"
institutional,"connected with a large important organization, for example a university or bank"
instruct,"to tell somebody to do something, especially in a formal or official way"
instruction,detailed information on how to do or use something
instructor,a person whose job is to teach somebody a practical skill or sport
instrument,"an object used for producing musical sounds, for example a piano or a drum"
instrumental,important in making something happen
insufficient,"not large, strong or important enough for a particular purpose"
insult,a remark or an action that is said or done in order to offend somebody
insurance,"an arrangement with a company in which you pay them regular amounts of money and they agree to pay the costs, for example, if you die or are ill, or if you lose or damage something"
intact,complete and not damaged
intake,"the amount of food, drink, etc. that you take into your body"
integral,being an essential part of something
integrate,to combine two or more things so that they work together; to combine with something else in this way
integrated,in which many different parts are closely connected and work successfully together
integration,the act or process of combining two or more things so that they work together
integrity,the quality of being honest and having strong moral principles
intellectual,connected with or using a person’s ability to think in a logical way and understand things
intelligence,"the ability to learn, understand and think in a logical way about things; the ability to do this well"
intelligent,"good at learning, understanding and thinking in a logical way about things; showing this ability"
intend,"to have a plan, result or purpose in your mind when you do something"
intended,that you are trying to achieve or reach
intense,very great; very strong
intensify,to increase in degree or strength; to make something increase in degree or strength
intensity,the state or quality of being intense
intensive,involving a lot of work or activity done in a short time
intent,what you intend to do
intention,what you intend or plan to do; your aim
interact,"to communicate with somebody, especially while you work, play or spend time with them"
interaction,"the act of communicating with somebody, especially while you work, play or spend time with them"
interactive,that allows information to be passed continuously and in both directions between a computer or other device and the person who uses it
interest,the feeling that you have when you want to know or learn more about somebody/something
interested,giving your attention to something because you enjoy finding out about it or doing it; showing interest in something and finding it exciting
interesting,"attracting your attention because it is/they are special, exciting or unusual"
interface,"the way a computer program presents information to a user or receives information from a user, in particular the layout of the screen and the menus"
interfere,"to get involved in and try to influence a situation that should not really involve you, in a way that annoys other people"
interference,"the act of getting involved in and trying to influence a situation that should not really involve you, in a way that annoys other people"
interim,intended to last for only a short time until somebody/something more permanent is found
interior,connected with the inside part of something
intermediate,"located between two places, things, states, etc."
internal,connected with the inside of something
international,connected with or involving two or more countries
internet,an international computer network connecting other networks and computers that allows people to share information around the world
interpret,to explain the meaning of something
interpretation,the particular way in which something is understood or explained
interrupt,to say or do something that makes somebody stop what they are saying or doing
interval,a period of time between two events
intervene,to become involved in a situation in order to improve or help it
intervention,action taken to improve or help a situation
interview,"a formal meeting at which somebody is asked questions to see if they are suitable for a particular job, or for a course of study at a college, university, etc."
intimate,having a close and friendly relationship
into,to a position in or inside something
intriguing,very interesting because of being unusual or not having an obvious answer
introduce,to tell two or more people who have not met before what each other’s names are; to tell somebody what your name is
introduction,the first part of a book or speech that gives a general idea of what is to follow
invade,"to enter a country, town, etc. using military force in order to take control of it"
invasion,the act of an army entering another country by force in order to take control of it
invent,to produce or design something that has not existed before
invention,a thing or an idea that has been invented
invest,"to buy property, shares in a company, etc. in the hope of making a profit"
investigate,"to carefully examine the facts of a situation, an event, a crime, etc. to find out the truth about it or how it happened"
investigation,"an official examination of the facts about a situation, crime, etc."
investigator,a person who examines a situation such as an accident or a crime to find out the truth
investment,the act of investing money in something
investor,a person or an organization that invests money in something
invisible,that cannot be seen
invitation,a spoken or written request to somebody to do something or to go somewhere
invite,to ask somebody to come to a social event
invoke,"to mention or use a law, rule, etc. as a reason for doing something"
involve,"if a situation, an event or an activity involves something, that thing is an important or necessary part or result of it"
involved,taking part in something; being part of something or connected with something
involvement,the act of taking part in something or dealing with somebody
iron,a chemical element. Iron is a hard strong metal that is used to make steel and is also found in small quantities in blood and food.
ironic,showing that you really mean the opposite of what you are saying; expressing irony
ironically,in a way that shows that you really mean the opposite of what you are saying; in a way that expresses irony
irony,the funny or strange aspect of a situation that is very different from what you expect; a situation like this
irrelevant,not important to or connected with a situation
island,a piece of land that is completely surrounded by water
isolate,to separate somebody/something physically or socially from other people or things
isolated,far away from any others
isolation,the act of separating somebody/something; the state of being separate
issue,an important topic that people are discussing or arguing about
IT,"the study and use of electronic processes and equipment to store and send information of all kinds, including words, pictures and numbers (the abbreviation for ‘information technology’)"
item,"one thing on a list of things to buy, do, talk about, etc."
its,"belonging to or connected with a thing, an animal or a baby"
itself,used when the animal or thing that does an action is also affected by it
jacket,"a piece of clothing worn on the top half of the body over a shirt, etc. that has arms and fastens down the front; a short, light coat"
jail,a prison
jam,"a thick sweet substance made by boiling fruit with sugar, often sold in jars and spread on bread"
January,"the 1st month of the year, between December and February"
jazz,"a type of music with strong rhythms, in which the players often improvise (= make up the music as they are playing), originally created by African American musicians at the beginning of the 20th century"
jeans,trousers made of denim (= a type of strong cotton)
jet,a plane driven by jet engines
jewellery,objects such as rings and necklaces that people wear as decoration
job,work for which you receive regular payment
join,to fix or connect two or more things together
joint,involving two or more people together
joke,"something that you say or do to make people laugh, for example a funny story that you tell"
journal,a newspaper or magazine that deals with a particular subject or profession
journalism,"the work of collecting and writing news stories for newspapers, magazines, radio, television or online news sites; the news stories that are written"
journalist,"a person whose job is to collect and write news stories for newspapers, magazines, radio, television or online news sites"
journey,"an act of travelling from one place to another, especially when they are far apart"
joy,a feeling of great happiness
judge,a person in a court who has the authority to decide how criminals should be punished or to make legal decisions
judgement,the ability to make sensible decisions after carefully considering the best thing to do
judicial,"connected with a court, a judge or legal judgement"
juice,the liquid that comes from fruit or vegetables; a drink made from this
July,"the 7th month of the year, between June and August"
jump,an act of jumping
junction,the place where two or more roads or railway lines meet
June,"the 6th month of the year, between May and July"
junior,having a low rank in an organization or a profession
jurisdiction,the authority that an official organization has to make legal decisions about somebody/something
jury,"a group of members of the public who listen to the facts of a case in a court and decide whether or not somebody is guilty of a crime, or whether a claim has been proved"
just,that most people consider to be morally fair and reasonable
justice,the fair treatment of people
justification,a good reason why something exists or is done
justify,to show that somebody/something is right or reasonable
keen,wanting to do something or wanting something to happen very much
keep,to continue to have something and not give it back or throw it away
key,most important; essential
keyboard,"the set of keys for operating a computer or typewriter, or the set of letters that you can touch to write on a smartphone or tablet"
kick,"a movement with the foot or the leg, usually to hit something with the foot"
kid,a child or young person
kidnap,"to take somebody away illegally and keep them as a prisoner, especially in order to get money or something else for returning them"
kidney,either of the two organs in the body that remove waste products from the blood and produce urine
kill,to make somebody/something die
killing,an act of killing somebody deliberately
kilometre,a unit for measuring distance; 1 000 metres
kind,"caring about others; gentle, friendly and generous"
king,the male ruler of an independent state that has a royal family
kingdom,a country that has a king or queen as head of state (= official leader of the country)
kiss,the act of kissing somebody/something
kit,a set of tools or equipment that you use for a particular purpose
kitchen,a room in which meals are cooked or prepared
knee,the joint between the top and bottom parts of the leg where it bends in the middle
knife,"a sharp blade (= metal edge) with a handle, used for cutting or as a weapon"
knock,"the sound of somebody hitting a door, window, etc. with their hand or with something hard to attract attention"
know,to have information in your mind as a result of experience or because you have learned or been told it
knowledge,"the information, understanding and skills that you gain through education or experience"
lab,a laboratory
label,"a piece of paper, etc. that is attached to something and that gives information about it"
laboratory,"a room or building used for scientific research, experiments, testing, etc."
labour,"work, especially physical work"
lack,the state of not having something or not having enough of something
lad,a boy or young man
ladder,"a piece of equipment for climbing up and down a wall, the side of a building, etc., consisting of two lengths of wood or metal that are joined together by steps or rungs"
lady,"a word used to mean ‘woman’ that some people, especially older people, consider is more polite"
lake,a large area of water that is surrounded by land
lamp,"a device that uses electricity, oil or gas to produce light"
land,the surface of the earth that is not sea
landing,an act of bringing an aircraft or a spacecraft down to the ground after a journey
landlord,"a person or company from whom you rent a room, a house, an office, etc."
landmark,"something, such as a large building, that you can see clearly from a distance and that will help you to know where you are"
landscape,"everything you can see when you look across a large area of land, especially in the country"
lane,a narrow road in the country
language,the system of communication in speech and writing that is used by people of a particular country or area
lap,the top part of your legs that forms a flat surface when you are sitting down
laptop,a small computer that can work with a battery and be easily carried
large,big in size or quantity
large-scale,"involving many people or things, especially over a wide area"
largely,to a great extent; mostly or mainly
laser,"a device that gives out light in which all the waves oscillate (= change direction and strength) together, typically producing a powerful beam of light that can be used for cutting metal, in medical operations, etc."
last,after anyone or anything else; at the end
late,"arriving, happening or done after the expected, arranged or usual time"
lately,recently; in the recent past
later,coming after something else or at a time in the future
latest,the most recent or newest
latter,used to refer to the second of two things or people mentioned
laugh,the sound you make when you think that something is funny or silly
laughter,the act or sound of laughing
launch,the action of launching something
law,"a rule that deals with a particular crime, agreement, etc."
lawn,"an area of ground covered in short grass in a garden or park, or used for playing a game on"
lawsuit,a claim or complaint against somebody that a person or an organization can make in court
lawyer,"a person who is trained and qualified to advise people about the law and to represent them in court, and to write legal documents"
lay,"to put somebody/something in a particular position, especially when it is done gently or carefully"
layer,a quantity or sheet of something that lies over a surface or between surfaces
layout,"the way in which the parts of something such as the page of a book, a website, a garden or a building are arranged"
lazy,unwilling to work or be active; doing as little as possible
lead,to go with or in front of a person or an animal to show the way or to make them go in the right direction
leader,"a person who leads a group of people, especially the head of a country, an organization, etc."
leadership,the state or position of being a leader
leading,most important or most successful
leaf,"a flat green part of a plant, growing from a stem or branch or from the root"
leaflet,a printed sheet of paper or a few printed pages that are given free to advertise or give information about something
league,a group of sports teams who all play each other to earn points and find which team is best
leak,a small hole that lets liquid or gas flow in or out of something by accident
lean,to bend or move from a straight position to a sloping position
leap,a long or high jump
learn,"to gain knowledge or skill by studying, from experience, from being taught, etc."
learning,the process of learning something
least,to the smallest degree
leather,material made by removing the hair or fur from animal skins and preserving the skins using special processes
leave,a period of time when you are allowed to be away from work for a holiday or for a special reason
lecture,"a talk that is given to a group of people to teach them about a particular subject, often as part of a university or college course"
left,on the side of your body that is towards the west when you are facing north
leg,one of the long parts that connect the feet to the rest of the body
legacy,money or property that is given to you by somebody when they die
legal,connected with the law
legend,"a story from ancient times about people and events, that may or may not be true; this type of story"
legendary,very famous and talked about a lot by people
legislation,a law or a set of laws passed by a parliament
legislative,connected with the act of making and passing laws
legislature,a group of people who have the power to make and change laws
legitimate,for which there is a fair and acceptable reason
leisure,time when you are not working or studying; free time
lemon,"a yellow citrus fruit with juice that has a bitter, sharp taste. Slices of lemon and lemon juice are used in cooking and drinks."
lend,"to give something to somebody or allow them to use something that belongs to you, which they have to return to you later"
length,the size or measurement of something from one end to the other
lengthy,"very long, and often too long, in time or size"
lens,"a curved piece of glass or plastic that makes things look larger, smaller or clearer when you look through it"
lesbian,sexually attracted to other women; connected with lesbians
less,to a smaller degree; not so much
lesser,"not as great in size, amount or importance as something/somebody else"
lesson,a period of time in which somebody is taught something
let,used for making suggestions or as a polite way of telling people what you want them to do
lethal,causing or able to cause death
letter,"a written, typed or printed message that is put in an envelope or attached to an email and sent to somebody"
level,having a flat surface that does not slope
liable,legally responsible for paying the cost of something
liberal,"willing to understand and respect other people’s behaviour, opinions, etc., especially when they are different from your own; believing people should be able to choose how they behave"
liberation,the act or process of freeing a country or a person from the control of somebody else
liberty,freedom to live as you choose without too many limits from government or authority
library,"a building in which collections of books, newspapers, etc. and sometimes films and recorded music are kept for people to read, study or borrow"
licence,"an official document that shows that permission has been given to do, own or use something"
license,"to give somebody official permission to do, own, or use something"
lie,a statement made by somebody knowing that it is not true
life,"the ability to breathe, grow, produce young, etc. that people, animals and plants have before they die and that objects do not have"
lifelong,lasting or existing all through your life
lifestyle,the way in which a person or a group of people lives and works
lifetime,the length of time that somebody lives or that something lasts
lift,a machine that carries people or goods up and down to different levels in a building or a mine
light,pale in colour
lighting,the arrangement or type of light in a place
like,the things that you like
likelihood,the chance of something happening; how likely something is to happen
likely,having a good chance of happening or being something; probable or expected
likewise,the same; in a similar way
limb,"an arm or a leg; a similar part of an animal, such as a wing"
limit,the greatest or smallest amount of something that is allowed
limitation,the act or process of limiting or controlling somebody/something
limited,not very great in amount or extent
line,"a long, thin mark on a surface"
line-up,the people who are going to take part in a particular event
linear,of or in lines
linger,to continue to exist for longer than expected
link,a connection between two or more people or things
lion,"a large, powerful animal of the cat family that hunts in groups and lives in parts of Africa and southern Asia. Lions have yellow-brown fur and the male has a mane (= long, thick hair round its neck)."
lip,either of the two soft edges at the opening to the mouth
liquid,in the form of a liquid; not a solid or a gas
list,"a series of names, items, figures, etc., especially when they are written or printed"
listen,to pay attention to somebody/something that you can hear
listener,a person who listens
listing,"a list, especially an official or published list of people or things, often arranged in alphabetical order"
literacy,the ability to read and write
literally,in a literal way
literary,connected with literature
literature,"pieces of writing that are valued as works of art, especially novels, plays and poems (in contrast to technical books and newspapers, magazines, etc.)"
litre,"a unit for measuring volume, equal to 1.76 British pints or 2.11 American pints"
litter,"small pieces of rubbish such as paper, cans and bottles, that people have left lying in a public place"
little,not big; small; smaller than others
live,living; not dead
lively,full of life and energy; active and enthusiastic
liver,a large organ in the body that cleans the blood and produces bile
living,alive now
load,"something that is being carried (usually in large amounts) by a person, vehicle, etc."
loan,money that an organization such as a bank lends and somebody borrows
lobby,a large area inside the entrance of a public building where people can meet and wait
local,belonging to or connected with the particular place or area that you are talking about or with the place where you live
locate,to find the exact position of somebody/something
located,"if something is located in a particular place, it exists there or has been put there"
location,a place where something happens or exists; the position of something
lock,"a device that keeps a door, window, box, etc. shut, usually needing a key to open it"
log,a thick piece of wood that is cut from or has fallen from a tree
logic,a way of thinking or explaining something
logical,"seeming natural, reasonable or sensible"
logo,a printed design or symbol that a company or an organization uses as its special sign
lonely,unhappy because you have no friends or people to talk to
long,"measuring or covering a great length or distance, or a greater length or distance than usual"
long-standing,that has existed or lasted for a long time
long-term,lasting or having an effect over a long period of time
long-time,having been the particular thing mentioned for a long time
look,an act of looking at somebody/something
loom,"to appear as a large shape that is not clear, especially in a frightening way"
loop,a shape like a curve or circle made by a line curving right round
loose,not securely fixed where it should be; able to become separated from something
lord,"(in the UK) a man of high rank in the nobility (= people of high social class), or somebody who has been given the title ‘lord’ as an honour"
lorry,a large vehicle for carrying heavy loads by road
lose,to be unable to find something/somebody
loss,the state of no longer having something or as much of something; the process that leads to this
lost,unable to find your way; not knowing where you are
lot,used with verbs to mean ‘a great amount’
lottery,"a way of raising money for a government, charity, etc. by selling tickets that have different numbers on them that people have chosen. Numbers are then chosen by chance and the people who have those numbers on their tickets win prizes."
loud,making a lot of noise
loudly,in a way that makes a lot of noise
love,"a very strong feeling of liking and caring for somebody/something, especially a member of your family or a friend"
lovely,beautiful; attractive
low,not high or tall; not far above the ground
lower,"to reduce something or to become less in value, quality, etc."
loyal,remaining constant in your support of somebody/something
loyalty,the quality of being constant in your support of somebody/something
luck,"good things that happen to you by chance, not because of your own efforts or abilities"
lucky,having good luck
lunch,a meal eaten in the middle of the day
lung,either of the two organs in the chest that you use for breathing
luxury,expensive and of very high quality
lyric,the words of a popular song
machine,"a piece of equipment with many parts that work together to do a particular task. The power used to work a machine may be electricity, steam, gas, etc. or human power."
machinery,"machines as a group, especially large ones"
mad,very stupid; not at all sensible
magazine,"a type of large thin book with a paper cover that you can buy every week or month, containing articles, photographs, etc., often on a particular topic; a similar collection of articles, etc. that appears regularly online"
magic,having or using special powers to make impossible things happen or seem to happen
magical,containing magic; used in magic
magistrate,an official who acts as a judge in the lowest courts of law
magnetic,behaving like a magnet; that can be attracted by a magnet
magnificent,extremely attractive and impressive; deserving praise
magnitude,the great size or importance of something; the degree to which something is large or important
mail,"the official system used for sending and delivering letters, packages, etc."
main,being the largest or most important of its kind
mainland,"the main area of land of a country or region, not including any islands near to it"
mainly,more than anything else; also used to talk about the most important reason for something
mainstream,considered normal because it reflects what is done or accepted by most people
maintain,"to make something continue at the same level, standard, etc."
maintenance,the act of keeping something in good condition by checking or repairing it regularly
major,very large or important
majority,the largest part of a group of people or things
make,"the name or type of a machine, piece of equipment, etc. that is made by a particular company"
make-up,coloured substances used on the skin to make yourself look more attractive or to change your appearance
making,the act or process of making or producing something
male,being a man or boy
mall,"a large building or covered area that has many shops, restaurants, etc. inside it"
man,an adult male human
manage,"to control or be in charge of a business, a team, an organization, land, etc."
management,the activity of running and controlling a business or similar organization
manager,"a person who is in charge of running a business, a shop or a similar organization or part of one"
mandate,"the authority to do something, given to a government or other organization by the people who vote for it in an election"
mandatory,required by law
manifest,"to show something clearly, especially a feeling, an attitude or a quality"
manipulate,"to control or influence somebody/something, often in a dishonest way so that they do not realize it"
manipulation,"behaviour that controls or influences somebody/something, often in a dishonest way so that they do not realize it"
manner,behaviour that is considered to be polite in a particular society or culture
manufacture,"to make goods in large quantities, using machines"
manufacturing,"the business or industry of producing goods in large quantities in factories, etc."
manuscript,"a copy of a book, piece of music, etc. before it has been printed"
many,"used with plural nouns and verbs, especially in negative sentences or in more formal English, to mean ‘a large number of’. Also used in questions to ask about the size of a number, and with ‘as’, ‘so’ and ‘too’."
map,"a drawing or plan of the earth’s surface or part of it, showing countries, towns, rivers, etc."
marathon,a long running race of about 42 kilometres or 26 miles
March,"the 3rd month of the year, between February and April"
margin,the empty space at the side of a written or printed page
marginal,small and not important
marine,connected with the sea and the creatures and plants that live there
mark,"a written or printed symbol that is used as a sign of something, for example the quality of something or who made or owns it"
marker,an object or a sign that shows the position of something
market,an occasion when people buy and sell goods; the open area or building where they meet to do this
marketing,"the activity of presenting, advertising and selling a company’s products or services in the best possible way"
marketplace,"the activity of competing with other companies to buy and sell goods, services, etc."
marriage,the legal relationship between two people who are married to each other
married,having a husband or wife
marry,to become the husband or wife of somebody; to get married to somebody
mask,"something that you wear over your face to hide it, or to frighten or entertain other people"
mass,affecting or involving a large number of people or things
massacre,the killing of a large number of people especially in a cruel way
massive,"very large, heavy and solid"
master,"a man who has people working for him, often as servants in his home"
match,a sports event where people or teams compete against each other
matching,"having the same colour, pattern, style, etc. and therefore looking attractive together"
mate,a friend
material,"connected with money, possessions, etc. rather than with the needs of the mind or spirit"
mathematical,connected with or involving mathematics
mathematics,"the science of numbers and shapes. Branches of mathematics include arithmetic, algebra, geometry and trigonometry."
maths,"mathematics, especially as a subject in school"
matter,"used (to ask) if somebody is upset, unhappy, etc. or if there is a problem"
mature,"behaving in a sensible way, like an adult"
maximize,to increase something as much as possible
maximum,"as large, fast, etc. as is possible, or the most that is possible or allowed"
May,"the fifth month of the year, between April and June"
maybe,used when you are not certain that something will happen or that something is true or is a correct number
mayor,"the head of the government of a town or city, etc., elected by the public"
me,"the form of I that is used when the speaker or writer is the object of a verb or preposition, or after the verb be"
meal,"an occasion when people eat food, especially breakfast, lunch or dinner"
mean,to have something as a meaning in the same or another language
meaning,"the thing or idea that a sound, word, sign, etc. represents"
meaningful,serious and important
means,"an action, an object or a system by which a result is achieved; a way of achieving or doing something"
meantime,for a short period of time but not permanently
meanwhile,while something else is happening
measure,an official action that is done in order to achieve a particular aim
measurement,"the act or the process of finding the size, quantity or degree of something"
meat,the soft part of an animal or a bird that can be eaten as food; a particular type of this
mechanic,"a person whose job is repairing machines, especially the engines of vehicles"
mechanical,operated by power from an engine
mechanism,a set of moving parts in a machine that performs a task
medal,"a flat piece of metal, usually like a coin in shape, that is given to the winner of a competition or to somebody who has been brave, for example in war"
media,"the main ways that large numbers of people receive information and entertainment, that is television, radio, newspapers and the internet"
medical,connected with illness and injury and their treatment
medication,a drug or another form of medicine that you take to prevent or to treat an illness; treatment involving drugs
medicine,the study and treatment of diseases and injuries
medieval,connected with the Middle Ages (about AD 1000 to AD 1450)
meditation,"the practice of focusing your mind in silence, especially for religious reasons or in order to make your mind calm"
medium,"in the middle between a larger and smaller size, amount, length, temperature, etc."
meet,to be in the same place as somebody by chance and talk to them
meeting,an occasion when people come together to discuss or decide something
melody,"a tune, especially the main tune in a piece of music written for several instruments or voices"
melt,to become or make something become liquid as a result of heating
member,"a person, an animal or a plant that belongs to a particular group"
membership,"the state of being a member of a group, a club, an organization, etc."
memo,an official note from one person to another in the same organization
memoir,"an account written by somebody, especially somebody famous, about their life and experiences"
memorable,"worth remembering or easy to remember, especially because of being special or unusual"
memorial,"a statue, stone, etc. that is built in order to remind people of an important past event or of a famous person who has died"
memory,your ability to remember things
mental,connected with or happening in the mind; involving the process of thinking
mention,an act of referring to somebody/something in speech or writing
mentor,an experienced person who advises and helps somebody with less experience over a period of time
menu,a list of the food that is available at a restaurant or to be served at a meal
merchant,"a person who buys and sells goods in large quantities, especially one who imports and exports goods"
mercy,a kind or forgiving attitude towards somebody that you have the power to harm or right to punish
mere,"used when you want to emphasize how small, unimportant, etc. somebody/something is"
merely,used meaning ‘only’ or ‘simply’ to emphasize a fact or something that you are saying
merge,to combine or make two or more things combine to form a single thing
merger,the act of joining two or more organizations or businesses into one
merit,the quality of being good and of deserving praise or reward
mess,a dirty or untidy state
message,"a written or spoken piece of information, etc. that you send to somebody or leave for somebody when you cannot speak to them yourself"
metal,"a type of solid mineral substance that is usually hard and shiny and that heat and electricity can travel through, for example tin, iron and gold"
metaphor,"a word or phrase used to describe somebody/something else, in a way that is different from its normal use, in order to show that the two things have the same qualities and to make the description more powerful, for example She has a heart of stone; the use of such words and phrases"
method,a particular way of doing something
methodology,a set of methods and principles used to perform a particular activity
metre,a unit for measuring length; a hundred centimetres
middle,"in a position in the middle of an object, group of objects, people, etc.; between the beginning and the end of something"
midnight,12 o’clock at night
midst,the middle part of something
might,used when showing that something is or was possible
migration,the movement every year of large numbers of birds or animals from one place to another
mild,not severe or strong
mile,a unit for measuring distance equal to 1 609 metres or 1 760 yards
militant,"using, or willing to use, force or strong pressure to achieve your aims, especially to achieve social or political change"
military,connected with soldiers or the armed forces
militia,a group of people who are not professional soldiers but who have had military training and can act as an army
milk,"the white liquid produced by cows, goats and some other animals as food for their young and used as a drink by humans"
mill,a building fitted with equipment for grinding grain into flour; a machine for grinding grain
million,1 000 000
mind,"the part of a person that makes them able to be aware of things, to think and to feel"
mine,"a deep hole or holes under the ground where minerals such as coal, gold, etc. are dug"
miner,"a person who works in a mine taking out coal, gold, diamonds, etc."
mineral,"a substance that is naturally present in the earth and is not formed from animal or vegetable matter, for example gold and salt. Some minerals are also present in food and drink and in the human body and are essential for good health."
minimal,very small in size or amount; as small as possible
minimize,"to reduce something, especially something bad, to the lowest possible level"
minimum,the smallest that is possible or allowed; extremely small
mining,the process of getting coal and other minerals from under the ground; the industry involved in this
minister,a senior member of the government who is in charge of a government department or a branch of one
ministry,a government department that has a particular area of responsibility
minor,"not very large, important or serious"
minority,the smaller part of a group; less than half of the people or things in a large group
minute,extremely small
miracle,an act or event that does not follow the laws of nature and is believed to be caused by God
mirror,"a piece of special flat glass that reflects images, so that you can see yourself when you look in it"
miserable,very unhappy or uncomfortable
misery,great physical or mental pain
misleading,giving the wrong idea or impression and making you believe something that is not true
miss,to be or arrive too late for something
missile,a weapon that is sent through the air and that explodes when it hits the thing that it is aimed at
missing,"that cannot be found or that is not in its usual place; that has been removed, lost or destroyed"
mission,that cannot exist or be done; not possible
mistake,"an action or an opinion that is not correct, or that produces a result that you did not want"
mix,a combination of different people or things
mixed,consisting of different qualities or elements
mixture,a combination of different things
mob,"a large crowd of people, especially one that may become violent or cause trouble"
mobile,"connected with mobile phones, tablets, etc."
mobility,"the ability to move easily from one place, social class or job to another"
mobilize,to work together in order to achieve a particular aim; to organize a group of people to do this
mode,a particular way of doing something; a particular type of something
model,"a copy of something, usually smaller than the original object"
moderate,"that is neither very good, large, hot, etc. nor very bad, small, cold, etc."
modern,of the present time or recent times
modest,"not very large, expensive, important, etc."
modification,the act or process of changing something in order to improve it or make it more acceptable; a change that is made
modify,"to change something slightly, especially in order to make it more suitable for a particular purpose"
moment,a very short period of time
momentum,the ability to keep increasing or developing
Monday,"the day of the week after Sunday and before Tuesday, the first day of the working week"
money,"what you earn by working or selling things, and use to buy things"
monitor,a screen that shows information from a computer; a television screen used to show particular kinds of information
monk,a member of a religious group of men who often live apart from other people in a monastery and who do not marry or have personal possessions
monkey,"an animal with a long tail, that climbs trees and lives in hot countries. There are several types of monkey and they are related to apes and humans."
monopoly,the complete control of trade in particular goods or the supply of a particular service; a type of goods or a service that is controlled in this way
monster,"(in stories) an imaginary creature that is very large, ugly and frightening"
month,"any of the twelve periods of time into which the year is divided, for example May or June"
monthly,happening once a month or every month
monument,"a building, column, statue, etc. built to remind people of a famous person or event"
mood,the way you are feeling at a particular time
moon,the round object that moves around the earth once every 27½ days and shines at night by light reflected from the sun
moral,connected with principles of right and wrong behaviour
morality,principles relating to right and wrong or good and bad behaviour
more,used to form the comparative of most adjectives and adverbs with two or more syllables
moreover,used to introduce some new information that adds to or supports what you have said previously
morning,the early part of the day from the time when people wake up until 12 o'clock in the middle of the day or before lunch
mortgage,"a legal agreement by which a bank or similar organization lends you money to buy a house, etc., and you pay the money back over a particular number of years; the sum of money that you borrow"
mosque,a building where Muslims go to worship (= praise God)
most,used to form the superlative of most adjectives and adverbs of two or more syllables
mostly,mainly; generally
mother,a female parent of a child or animal; a person who is acting as a mother to a child
motion,the act or process of moving or the way something moves
motivate,to be the reason why somebody does something or behaves in a particular way
motivation,the reason why somebody does something or behaves in a particular way
motive,a reason for doing something
motor,having an engine; using the power of an engine
motorcycle,"a road vehicle with two wheels, driven by an engine, with one seat for the driver and often a seat for a passenger behind the driver"
motorist,a person driving a car
mount,to organize and begin something
mountain,"a very high hill, often with rocks near the top"
mouse,"a small animal that is covered in fur and has a long thin tail. Mice live in fields, in people’s houses or where food is stored."
mouth,"the opening in the face used for speaking, eating, etc.; the area inside the head behind this opening"
move,a change of place or position
movement,an act of moving the body or part of the body
movie,"a series of moving pictures recorded with sound that tells a story, watched at a movie theater or on a television or other device"
moving,"causing strong, often sad, feelings about somebody/something"
much,to a great degree
mud,wet earth that is soft and sticky
multiple,many in number; involving many different people or things
multiply,to add a number to itself a particular number of times
mum,a mother
municipal,"connected with or belonging to a town, city or district that has its own local government"
murder,the crime of killing somebody deliberately
muscle,a piece of body tissue that you make tight and relax in order to move a particular part of the body; the tissue that forms the muscles of the body
museum,"a building in which objects of artistic, cultural, historical or scientific interest are kept and shown to the public"
music,sounds that are arranged in a way that is pleasant or exciting to listen to. People sing music or play it on instruments.
musical,connected with music; containing music
musician,"a person who plays a musical instrument or writes music, especially as a job"
must,used to say that something is necessary or very important (sometimes involving a rule or a law)
mutual,"used to describe feelings that two or more people have for each other equally, or actions that affect two or more people equally"
my,of or belonging to the speaker or writer
myself,used when the speaker or writer is also the person affected by an action
mysterious,difficult to understand or explain; strange
mystery,something that is difficult to understand or to explain
myth,"a story from ancient times, especially one that was told to explain natural events or to describe the early history of a people; this type of story"
nail,the thin hard layer covering the outer tip of the fingers or toes
naked,not wearing any clothes
name,"a word or words that a particular person, animal, place or thing is known by"
namely,used to introduce more exact and detailed information about something that you have just mentioned
narrative,describing events or telling a story
narrow,"measuring a short distance from one side to the other, especially in relation to length"
nasty,very bad or unpleasant
nation,"a country considered as a group of people with the same language, culture and history, who live in a particular area under one government"
national,connected with a particular nation; shared by a whole nation
nationwide,happening or existing in all parts of a particular country
native,connected with the place where you were born and lived for the first years of your life
natural,existing in nature; not made or caused by humans
naturally,in a way that you would expect
nature,"all the plants, animals and things that exist in the universe that are not made by people"
naval,connected with the navy of a country
navigation,the skill or the process of planning a route for a ship or other vehicle and taking it there
near,a short distance away
nearby,near in position; not far away
nearly,almost; not quite; not completely
neat,tidy and in order; carefully done or arranged
necessarily,used to say that something cannot be avoided
necessary,that is needed for a purpose or a reason
necessity,the fact that something must happen or be done; the need for something
neck,the part of the body between the head and the shoulders
need,a situation when something is necessary or must be done
needle,"a small thin piece of steel that you use for sewing, with a point at one end and a hole for the thread at the other"
negative,bad or harmful
neglect,the fact of not giving enough care or attention to something/somebody; the state of not receiving enough care or attention
negotiate,to try to reach an agreement by formal discussion
negotiation,formal discussion between people who are trying to reach an agreement
neighbour,a person who lives next to you or near you
neighbourhood,a district or an area of a town; the people who live there
neighbouring,located or living near or next to a place or person
neither,used to show that a negative statement is also true of somebody/something else
nerve,"any of the long fibres that carry messages between the brain and parts of the body, enabling you to move, feel pain, etc."
nervous,anxious about something or afraid of something
nest,a hollow place or structure that a bird makes or chooses for laying its eggs in and sheltering its young
net,a net amount of money is the amount that remains when nothing more is to be taken away
network,"a complicated system of roads, lines, tubes, nerves, etc. that are connected to each other and operate together"
neutral,"not supporting or helping either side in a disagreement, competition, etc."
never,not at any time; not on any occasion
nevertheless,despite something that you have just mentioned
new,"not existing before; recently made, invented, introduced, etc."
newly,recently
news,new information about something that has happened recently
newsletter,a report containing news of the activities of a club or organization that is sent regularly to all its members
newspaper,"a set of large printed sheets of paper, or a website, containing news, articles, advertisements, etc. and published every day or every week; the organization responsible for producing this"
next,"coming straight after somebody/something in time, order or space"
nice,pleasant or attractive
niche,"a comfortable or suitable role, job, way of life, etc."
nine,9
ninety,90
night,"the time between one day and the next when it is dark, when people usually sleep"
nightmare,a dream that is very frightening or unpleasant
no,not one; not any; not a
noble,"having or showing fine personal qualities that people admire, such as courage, honesty and care for others"
nobody,not anyone; no person
nod,"if you nod, nod your head or your head nods, you move your head up and down to show agreement, understanding, etc."
noise,"a sound, especially when it is loud, unpleasant or frightening"
noisy,making a lot of noise
nominate,"to formally suggest that somebody/something should be chosen for an important role, prize, position, etc."
nomination,"the act of suggesting or choosing somebody as a candidate in an election, or for a job or an award; the fact of being suggested for this"
nominee,"a person who has been formally suggested for a job, a prize, etc."
non-profit,without the aim of making a profit
none,not one of a group of people or things; not any
nonetheless,despite this fact
nonsense,"ideas, statements or beliefs that you think are silly or not true"
noon,12 o’clock in the middle of the day
norm,a situation or a pattern of behaviour that is usual or expected
normal,"typical, usual or ordinary; what you would expect"
normally,usually; in normal circumstances
north,in or towards the north
northern,located in the north or facing north; connected with or typical of the north part of the world or a region
nose,"the part of the face that sticks out above the mouth, used for breathing and smelling things"
not,"used with be, do or have to form the negative of verbs; used to form the negative of modal verbs like can or must"
notable,deserving to be noticed or to receive attention; important
notably,used for giving a good or the most important example of something
note,a short piece of writing to help you remember something
notebook,a small book of plain paper for writing notes in
nothing,not anything; no single thing
notice,"a sheet of paper giving written or printed information, usually put in a public place"
notify,to formally or officially tell somebody about something
notion,"an idea, a belief or an understanding of something"
notorious,well known for being bad
novel,"different from anything known before; new, interesting and often seeming slightly strange"
novelist,a person who writes novels
November,"the 11th month of the year, between October and December"
now,(at) the present time
nowadays,"at the present time, in contrast with the past"
nowhere,not in or to any place
nuclear,"using, producing or resulting from nuclear energy"
number,a word or symbol that represents an amount or a quantity
numerous,existing in large numbers
nurse,"a person whose job is to take care of sick or injured people, usually in a hospital"
nursery,a place where young children are cared for while their parents are at work; a day nursery or nursery school
nursing,the job or skill of caring for people who are sick or injured
nut,a small hard fruit with a very hard shell that grows on some trees
nutrition,the process by which living things receive the food necessary for them to grow and be healthy
o'clock,"used with the numbers 1 to 12 when telling the time, to mean an exact hour"
obesity,"the quality or fact of being very fat, in a way that is not healthy"
obey,to do what you are told or expected to do
object,"a thing that can be seen and touched, but is not alive"
objection,a reason why you do not like or are opposed to something; a statement about this
objective,not influenced by personal feelings or opinions; considering only facts
obligation,"the state of being forced to do something because it is your duty, or because of a law, etc."
oblige,"to force somebody to do something, by law, because it is a duty, etc."
observation,"the act of watching somebody/something carefully for a period of time, especially to learn something"
observe,to see or notice somebody/something
observer,a person who watches somebody/something
obsess,"to completely fill your mind so that you cannot think of anything else, in a way that is not reasonable or normal"
obsession,the state in which a person’s mind is completely filled with thoughts of one particular thing or person in a way that is not reasonable or normal
obstacle,"a situation, an event, etc. that makes it difficult for you to do or achieve something"
obtain,"to get something, especially by making an effort"
obvious,easy to see or understand
obviously,used when giving information that you expect other people to know already or agree with
occasion,a particular time when something happens
occasional,happening or done sometimes but not often
occasionally,sometimes but not often
occupation,a job or profession
occupy,"to fill or use a space, an area or an amount of time"
occur,to happen
occurrence,something that happens or exists
ocean,the mass of salt water that covers most of the earth’s surface
October,"the 10th month of the year, between September and November"
odd,strange or unusual
odds,the degree to which something is likely to happen
of,belonging to somebody; relating to somebody
off,used to say that something has been removed or become separated
offence,an illegal act
offend,to make somebody feel upset because of something you say or do that is rude or embarrassing
offender,a person who commits a crime
offensive,rude in a way that causes somebody to feel upset or annoyed because it shows a lack of respect
offer,an act of saying that you are willing to do something for somebody or give something to somebody
offering,"something that is produced for other people to use, watch, enjoy, etc."
office,"a room, set of rooms or building where people work, usually sitting at desks"
officer,a person who is in a position of authority in the armed forces
official,"agreed to, said, done, etc. by somebody who is in a position of authority"
offspring,a child of a particular person or couple
often,many times
oh,"used when you are reacting to something that has been said, especially if you did not know it before"
oil,a thick liquid that is found in rock underground
OK,safe and well; in a calm or happy state
old,of a particular age
old-fashioned,not modern; no longer fashionable
on,on somebody’s body; being worn
once,on one occasion only; one time
one,the number 1
ongoing,continuing to exist or develop
onion,"a round vegetable with many layers inside each other and a brown, red or white skin. Onions have a strong smell and taste."
online,available on or done using the internet or other computer network
only,used to say that no other or others of the same group exist or are there
onto,used with verbs to express movement on or to a particular place or position
open,allowing things or people to go through; not closed or blocked
opening,a space or hole that somebody/something can pass through
openly,"without hiding any feelings, opinions or information"
opera,a dramatic work in which all or most of the words are sung to music; works of this type as an art form or entertainment
operate,to work in a particular way
operation,the process of cutting open a part of a person’s body in order to remove or repair a damaged part
operational,"connected with the way in which a business, machine, system, etc. works"
operator,a person who operates equipment or a machine
opinion,"your feelings or thoughts about somebody/something, rather than a fact"
opponent,"a person that you are playing or fighting against in a game, competition, argument, etc."
opportunity,a time when a particular situation makes it possible to do or achieve something
oppose,"to disagree strongly with somebody’s plan, policy, etc. and try to change it or prevent it from succeeding"
opposed,disagreeing strongly with something and trying to stop it
opposite,on the other side of a particular area from somebody/something and usually facing them
opposition,"the act of strongly disagreeing with somebody/something, especially with the aim of preventing something from happening"
opt,to choose to take or not to take a particular course of action
optical,connected with the sense of sight or the relationship between light and sight
optimism,a feeling that good things will happen and that something will be successful
optimistic,expecting good things to happen or something to be successful; showing this feeling
option,something that you can choose to have or do; the freedom to choose what you do
or,used to introduce another possibility
oral,spoken rather than written
orange,between red and yellow in colour
orchestra,"a large group of people who play various musical instruments together, led by a conductor"
order,the way in which people or things are placed or arranged in relation to each other
ordinary,not unusual or different in any way
organ,"a part of the body that has a particular purpose, such as the heart or the brain; part of a plant with a particular purpose"
organic,produced or practised without using artificial chemicals
organization,"a group of people who form a business, club, etc. together in order to achieve a particular aim"
organizational,connected with the way in which the different parts of something are arranged; connected with an organization
organize,to make all the arrangements for something to happen or be provided
organized,involving large numbers of people who work together to do something in a way that has been carefully planned
organizer,a person who makes the arrangements for something
orientation,a person’s basic beliefs or feelings about a particular subject
origin,the point from which something starts; the cause of something
original,"existing at the beginning of a particular period, process or activity"
originally,"used to describe the situation that existed at the beginning of a particular period or activity, especially before something was changed"
originate,to happen or appear for the first time in a particular place or situation
other,used to refer to people or things that are additional or different to people or things that have been mentioned or are known about
otherwise,used to state what the result would be if something did not happen or if the situation were different
ought,used to say what is the right thing to do
our,belonging to us; connected with us
ours,the one or ones that belong to us
ourselves,the reflexive form of we; used when you and another person or other people together cause and are affected by an action
out,away from the inside of a place or thing
outbreak,"the sudden start of something unpleasant, especially violence or a disease"
outcome,the result or effect of an action or event
outdoor,"used, happening or located outside rather than in a building"
outdoors,"outside, rather than in a building"
outer,on the outside of something
outfit,"a set of clothes that you wear together, especially for a particular occasion or purpose"
outing,"a trip that you go on for pleasure or education, usually with a group of people and lasting no more than one day"
outlet,a shop or an organization that sells goods made by a particular company or of a particular type
outline,a description of the main facts or points involved in something
outlook,"the attitude to life and the world of a particular person, group or culture"
output,"the amount of something that a person, a machine or an organization produces"
outrage,a strong feeling of shock and anger
outside,"of, on or facing the outer side"
outsider,"a person who is not accepted as a member of a society, group, etc."
outstanding,extremely good; excellent
oven,"the part of a cooker that is like a box with a door on the front, in which food is cooked or heated"
over,"across a street, an open space, etc."
overall,including all the things or people that are involved in a particular situation; general
overcome,to succeed in dealing with or controlling a problem that has been preventing you from achieving something
overlook,to fail to see or notice something
overly,too; very
overnight,during or for the night
overseas,"connected with foreign countries, especially those separated from your country by the sea or ocean"
oversee,to watch somebody/something and make sure that a job or an activity is done correctly
overturn,"if something overturns, or if somebody overturns it, it turns into a position in which the top of it is where the bottom of it normally is or on its side"
overwhelm,to have such a strong emotional effect on somebody that it is difficult for them to resist or know how to react
overwhelming,very great or very strong; so powerful that you cannot resist it or decide how to react
owe,to have to pay somebody for something that you have already received or return money that you have borrowed
own,used to emphasize that something belongs to or is connected with somebody
owner,a person who owns something
ownership,the fact of owning something
oxygen,"a chemical element. Oxygen is a gas that is present in air and water and is necessary for people, animals and plants to live."
pace,"the speed at which somebody/something walks, runs or moves"
pack,"a container, usually made of paper, that holds a number of the same thing or an amount of something, ready to be sold"
package,"something that is wrapped in paper or put into a thick envelope so that it can be sent by mail, carried easily, or given as a present"
packet,a small container made of paper or card in which goods are packed for selling
pad,"a thick piece of soft material that is used, for example, for cleaning or protecting something or for holding liquid"
page,"one side or both sides of a sheet of paper in a book, magazine, etc."
pain,the feelings that you have in your body when you have been hurt or when you are ill
painful,causing you pain
paint,a liquid that is put on surfaces to give them a particular colour; a layer of this liquid when it has dried on a surface
painter,"a person whose job is painting buildings, walls, etc."
painting,a picture that has been painted
pair,"two things of the same type, especially when they are used or worn together"
palace,"the official home of a king, queen, president, etc."
pale,"having skin that is very light in colour; having skin that has less colour than usual because of illness, a strong emotion, etc."
palm,"a straight tree with a mass of long leaves at the top, growing in tropical countries. There are several types of palm tree, some of which produce fruit."
panel,"a square or rectangular piece of wood, glass or metal that forms part of a larger surface such as a door or wall"
panic,a sudden feeling of great fear that cannot be controlled and prevents you from thinking clearly
pants,underpants or knickers
paper,the thin material that you write and draw on and that is also used for wrapping and packing things
parade,"a public celebration of a special day or event, usually with bands in the streets and decorated vehicles"
paragraph,"a section of a piece of writing, usually consisting of several sentences dealing with a single subject. The first sentence of a paragraph starts on a new line."
parallel,two or more lines that are parallel to each other are the same distance apart at every point
parameter,something that decides or limits the way in which something can be done
parent,a person’s father or mother
parental,connected with a parent or parents
parish,an area that has its own church and that a priest is responsible for
park,"an area of public land in a town or a city where people go to walk, play and relax"
parking,the act of stopping a vehicle at a place and leaving it there for a period of time
parliament,the group of people who are elected to make and change the laws of a country
parliamentary,connected with a parliament; having a parliament
part,some but not all of a thing
part-time,for part of the day or week in which people work
partial,not complete or whole
partially,partly; not completely
participant,a person who is taking part in an activity or event
participate,to take part in or become involved in an activity
participation,the act of taking part in an activity or event
particular,"used to emphasize that you are referring to one individual person, thing or type of thing and not others"
particularly,especially; more than usual or more than others
partly,to some extent; not completely
partner,"a person that you are doing an activity with, such as dancing or playing a game"
partnership,the state of being a partner in business
party,"a social occasion, often in a person’s home, at which people eat, drink, talk, dance and enjoy themselves"
pass,"an official document or ticket that shows that you have the right to enter or leave a place, to travel on a bus or train, etc."
passage,a long narrow area with walls on either side that connects one room or place with another
passenger,"a person who is travelling in a car, bus, train, plane or ship and who is not driving it or working on it"
passing,the process of time going by
passion,"a very strong feeling of love, hate, anger, enthusiasm, etc."
passionate,"having or showing strong feelings of sexual love or of anger, etc."
passive,accepting what happens or what people do without trying to change anything or oppose them
passport,"an official document that identifies you as a citizen of a particular country, and that you may have to show when you enter or leave a country"
password,"a series of letters, numbers, etc. that you must type into a computer or computer system in order to be able to use it"
past,gone by in time
pastor,"a minister in charge of a Christian church or group, especially in some Nonconformist churches"
patch,"a small area of something, especially one which is different from the area around it"
patent,"an official right to be the only person to make, use or sell a product or an invention; a document that proves this"
path,a way or track that is built or is made by the action of people walking
pathway,a track that serves as a path
patience,the ability to stay calm and accept a delay or something annoying without complaining
patient,able to wait for a long time or accept annoying behaviour or difficulties without becoming angry
patrol,"the act of going to different parts of a building, an area, etc. to make sure that there is no trouble or crime"
patron,a person who gives money and support to artists and writers
pattern,the regular way in which something happens or is done
pause,a period of time during which somebody stops talking or stops what they are doing
pay,the money that somebody gets for doing regular work
payment,the act of paying somebody/something or of being paid
peace,a situation or a period of time in which there is no war or violence in a country or an area
peaceful,"not involving a war, violence or argument"
peak,"the point when somebody/something is best, most successful, strongest, etc."
peasant,"(especially in the past, or in poorer countries) a farmer who owns or rents a small piece of land"
peculiar,"strange or unusual, especially in a way that is unpleasant or makes you worried"
peer,a person who is the same age or who has the same social status as you
pen,"an instrument made of plastic or metal used for writing with ink (= coloured liquid for writing, etc.)"
penalty,"a punishment for breaking a law, rule or contract"
pencil,"a narrow piece of wood, or a metal or plastic case, containing a black or coloured substance, used for drawing or writing"
penny,a small British coin and unit of money. There are 100 pence in one pound (£1).
people,"human beings; men, women and children"
pepper,"a powder made from dried berries (called peppercorns), used to give a hot, spicy taste to food"
per,"used to express the cost or amount of something for each person, number used, distance travelled, etc."
perceive,to understand or think of somebody/something in a particular way
percentage,"the number, amount or rate of something, expressed as if it is part of a total that is 100; a part or share of a whole"
perception,"an idea, a belief or an image you have as a result of how you see or understand something"
perfect,having everything that is necessary; complete and without faults or weaknesses
perfectly,completely
perform,"to entertain an audience by playing a piece of music, acting in a play, etc."
performance,"the act of performing a play, concert or some other form of entertainment"
perhaps,possibly
period,a particular length of time
permanent,lasting for a long time or for all time in the future; existing all the time
permanently,in a way that lasts for a long time or for all time in the future; in a way that exists all the time
permission,"the act of allowing somebody to do something, especially when this is done by somebody in a position of authority"
permit,"an official document that gives somebody the right to do something, especially for a limited period of time"
persist,"to continue to do something despite difficulties or opposition, in a way that can seem unreasonable"
persistent,"determined to do something despite difficulties, especially when other people are against you and think that you are being annoying or unreasonable"
person,a human as an individual
personal,your own; not belonging to or connected with anyone else
personality,the various aspects of a person’s character that combine to make them different from other people
personally,used to show that you are giving your own opinion about something
personnel,the people who work for an organization or one of the armed forces
perspective,a particular attitude towards something; a way of thinking about something
persuade,to make somebody do something by giving them good reasons for doing it
pet,"an animal, a bird, etc. that you have at home for pleasure, rather than one that is kept for work or food"
petition,a written document signed by a large number of people that asks somebody in a position of authority to do or change something
petrol,"a liquid obtained from petroleum, used as fuel in car engines, etc."
phase,a stage in a process of change or development
phenomenon,"a fact or an event in nature or society, especially one that is not fully understood"
philosopher,a person who studies or writes about philosophy
philosophical,connected with philosophy
philosophy,the study of the nature and meaning of the universe and of human life
phone,a piece of equipment for talking to people who are not in the same place as you
photo,a picture that is made by using a camera that stores images in digital form or that has a film sensitive to light inside it
photograph,a picture that is made by using a camera that stores images in digital form or that has a film sensitive to light inside it
photographer,"a person who takes photographs, especially as a job"
photography,"the art, process or job of taking photographs or filming something"
phrase,a group of words that have a particular meaning when used together
physical,connected with a person’s body rather than their mind
physician,"a doctor, especially one who is a specialist in general medicine and not surgery"
physics,"the scientific study of matter and energy and the relationships between them, including the study of forces, heat, light, sound, electricity and the structure of atoms"
piano,a large musical instrument played by pressing the black and white keys on the keyboard. The sound is produced by small hammers hitting the metal strings inside the piano.
pick,an act of choosing something
picture,"a painting or drawing, etc. that shows a scene, a person or thing"
piece,an amount of something that has been cut or separated from the rest of it; a standard amount of something
pig,"an animal with pink, black or brown skin, short legs, a broad nose and a short curly tail. Pigs are kept on farms for their meat (called pork) or live in the wild."
pile,a number of things that have been placed on top of each other
pill,"a small flat round piece of medicine that you swallow whole, without biting it"
pilot,"a person who operates the controls of an aircraft, especially as a job"
pin,"a short thin piece of stiff wire with a sharp point at one end and a round head at the other, used especially for fastening together pieces of cloth when sewing"
pink,pale red in colour
pioneer,"a person who is the first to study and develop a particular area of knowledge, culture, etc. that other people then continue to develop"
pipe,a tube through which liquids and gases can flow
pipeline,"a series of pipes that are usually underground and are used for carrying oil, gas, etc. over long distances"
pirate,(especially in the past) a person on a ship who attacks other ships at sea in order to steal from them
pit,a large deep hole in the ground
pitch,an area of ground specially prepared and marked for playing a sports game
pity,used to show that you are disappointed about something
place,"a particular position, point or area"
placement,the act of finding somebody a suitable job or place to live
plain,not decorated or complicated; simple
plan,something that you intend to do or achieve
plane,a flying vehicle with wings and one or more engines
planet,a large round object in space that moves around a star (such as the sun) and receives light from it
planning,the act or process of making plans for something
plant,"a living thing that grows in the earth and usually has a stem, leaves and roots, especially one that is smaller than a tree or bush"
plastic,made of plastic
plate,"a flat, usually round, dish that you put food on"
platform,the raised flat area next to the track at a train station where you get on or off the train
play,a piece of writing performed by actors in a theatre or on television or radio
player,a person who takes part in a game or sport
plea,"a serious emotional request, especially for something needing action now"
plead,to ask somebody for something in a very strong and serious way
pleasant,"fun, attractive, or giving pleasure"
please,used as a polite way of asking for something or telling somebody to do something
pleased,feeling happy about something
pleasure,a state of feeling or being happy or satisfied
pledge,a serious promise
plenty,a large amount; as much or as many as you need
plot,"the series of events that form the story of a novel, play, film, etc."
plug,a small plastic object with two or three metal pins that connects a piece of electrical equipment to the main supply of electricity
plunge,to move or make somebody/something move suddenly forwards and/or downwards
plus,used after a number to show that the real number or amount is more than the one mentioned
pocket,a small piece of material like a small bag sewn into or onto a piece of clothing so that you can carry things in it
poem,"a piece of writing in which the words are chosen for their sound and the images they suggest, not just for their obvious meanings. The words are arranged in separate lines, usually with a repeated rhythm, and often the lines rhyme at the end."
poet,a person who writes poems
poetry,poems in general; poems as a genre of literature
point,a thing that somebody says or writes giving their opinion or stating a fact
pointed,having a sharp end
poison,a substance that causes death or harm if it gets into the body
poisonous,causing death or illness if swallowed or taken into the body
pole,"a long thin straight piece of wood or metal, especially one with the end placed in the ground, used as a support"
police,an official organization whose job is to make people obey the law and to prevent and solve crime; the people who work for this organization
policeman,a male police officer
policy,"a plan of action agreed or chosen by a political party, a business, etc."
polite,having or showing good manners and respect for the feelings of others
political,"connected with the state, government or public affairs"
politician,"a person whose job involves politics, especially as an elected member of parliament, etc."
politics,"the activities involved in getting and using power in public life, and being able to influence decisions that affect a country or a society"
poll,the process of questioning people who are representative of a larger group in order to get information about the general opinion
pollution,"the process of making air, water, soil, etc. dirty; the state of being dirty"
pond,"a small area of still water, especially one that is artificial"
pool,an area of water that has been created for people to swim in
poor,having very little money; not having enough money for basic needs
pop,connected with modern popular music
popular,liked or enjoyed by a large number of people
popularity,"the state of being liked, enjoyed or supported by a large number of people"
population,"all the people who live in a particular area, city or country; the total number of people who live there"
port,"a town or city with a harbour, especially one where ships load and unload goods"
portfolio,"a thin flat case used for carrying documents, drawings, etc."
portion,one part of something larger
portrait,"a painting, drawing or photograph of a person, especially of the head and shoulders"
portray,to show somebody/something in a picture; to describe somebody/something in a piece of writing
pose,"to create a threat, problem, etc. that has to be dealt with"
position,the place where somebody/something is located
positive,good or useful
possess,to have or own something
possession,something that you own or have with you at a particular time
possibility,"a thing that may happen or be true; the fact that something might happen or be true, but is not certain"
possible,that can be done or achieved
possibly,"used to say that something might exist, happen or be true, but you are not certain"
post,"the official system used for sending and delivering letters, packages, etc."
post-war,"existing, happening or made in the period after a war, especially the Second World War"
poster,"a large notice, often with a picture on it, that is put in a public place to advertise something"
postpone,"to arrange for an event, etc. to take place at a later time or date than originally planned"
pot,a deep round container used for cooking things in
potato,a round white vegetable with a brown or red skin that grows underground as part of a plant also called a potato
potential,that can develop into something or be developed in the future
potentially,used to say that something may develop into something
pound,"the unit of money in the UK, worth 100 pence"
pour,"to make a liquid or other substance flow from a container in a continuous stream, especially by holding the container at an angle"
poverty,the state of being poor
powder,a dry mass of very small fine pieces or grains
power,the ability to control people or things
powerful,being able to control and influence people and events
practical,connected with real situations rather than with ideas or theories
practice,doing an activity or training regularly so that you can improve your skill; the time you spend doing this
practise,to do an activity or train regularly so that you can improve your skill
practitioner,"a person who works in a profession, especially medicine or law"
praise,words that show that you approve of and admire somebody/something
pray,"to speak to God, especially to give thanks or ask for help"
prayer,words that you say to God giving thanks or asking for help
preach,"to give a religious talk in a public place, especially in a church during a service"
precede,to happen before something or come before something/somebody in order
precedent,an official action or decision that has happened in the past and that is seen as an example or a rule to be followed in a similar situation later
precious,rare and worth a lot of money
precise,clear and accurate
precision,"the quality of being exact, accurate and careful"
predator,an animal that kills and eats other animals
predecessor,a person who did a job before somebody else
predict,to say that something will happen in the future
predictable,"if something is predictable, you know in advance that it will happen or what it will be like"
prediction,a statement that says what you think will happen; the act of making such a statement
predominantly,mostly; mainly
prefer,to like one thing or person better than another; to choose one thing rather than something else because you like it better
preference,a greater interest in or desire for somebody/something than somebody/something else
pregnancy,the state of being pregnant
pregnant,having a baby or young animal developing inside her/its body
prejudice,"an unreasonable dislike of or preference for a person, group, custom, etc., especially when it is based on their race, religion, sex, etc."
preliminary,happening before a more important action or event
premier,"most important, famous or successful"
premise,a statement or an idea that forms the basis for a reasonable line of argument
premium,an amount of money that you pay once or regularly for an insurance policy
preparation,the act or process of getting ready for something or making something ready
prepare,to make something or somebody ready to be used or to do something
prepared,ready and able to deal with something
prescribe,"to tell somebody to take a particular medicine or have a particular treatment; to write a prescription for a particular medicine, etc."
prescription,"an official piece of paper on which a doctor writes the type of medicine you should have, and which enables you to get it from a chemist's"
presence,the fact of being in a particular place
present,existing or happening now
presentation,"a meeting at which something, especially a new product or idea, or piece of work, is shown to a group of people"
presently,at the time you are speaking or writing; now
preservation,the act of keeping something in its original state or in good condition
preserve,"to keep a particular quality, feature, etc.; to make sure that something is kept"
preside,"to lead or be in charge of a meeting, ceremony, etc."
presidency,the job of being president of a country or an organization; the period of time somebody holds this job
president,"the leader of a republic, for example the US"
presidential,connected with the position or activities of a president
press,newspapers and magazines
pressure,the act of trying to persuade or to force somebody to do something
prestigious,respected and admired as very important or of very high quality
presumably,used to say that you think that something is probably true
presume,"to suppose that something is true, although you do not have actual proof"
pretend,"to behave in a particular way, in order to make other people believe something that is not true"
pretty,attractive without being very beautiful
prevail,to exist or be very common at a particular time or in a particular place
prevalence,the fact of existing or being very common at a particular time or in a particular place
prevent,to stop somebody from doing something; to stop something from happening
prevention,the act of stopping something bad from happening
previous,happening or existing before the event or object that you are talking about
previously,at a time before the time that you are talking about
prey,"an animal, a bird, etc. that is hunted, killed and eaten by another"
price,the amount of money that you have to pay for something
pride,a feeling of being pleased or satisfied that you get when you or people who are connected with you have done something well or own something that other people admire
priest,"a person who is qualified to perform religious duties and ceremonies in the Roman Catholic, Anglican and Orthodox Churches"
primary,connected with the education of children between the ages of about five and eleven
prime,main; most important; basic
prince,"a male member of a royal family who is not king, especially the son or grandson of the king or queen"
princess,"a female member of a royal family who is not a queen, especially the daughter or granddaughter of the king or queen"
principal,most important; main
principle,a moral rule or a strong belief that influences your actions
print,"letters, words, numbers, etc. that have been printed onto paper"
printer,"a machine for printing text on paper, especially one connected to a computer"
printing,"the act of producing letters, pictures, patterns, etc. on something by pressing a surface covered with ink (= coloured liquid for printing, drawing, etc.) against it"
prior,happening or existing before something else or before a particular time
priority,something that you think is more important than other things and should be dealt with first
prison,"a building where people are kept as a punishment for a crime they have committed, or while they are waiting for trial"
prisoner,"a person who is kept in prison as a punishment, or while they are waiting for trial"
privacy,the state of being alone and not watched or interrupted by other people
private,belonging to or for the use of a particular person or group; not for public use
privatization,the act of selling a business or an industry so that it is no longer owned by the government
privilege,a special right or advantage that a particular person or group of people has
prize,"an award that is given to a person who wins a competition, race, etc. or who does very good work"
probability,how likely something is to happen
probable,"likely to happen, to exist or to be true"
probably,used to say that something is likely to happen or to be true
probe,a complete and careful investigation of something
problem,a thing that is difficult to deal with or to understand
problematic,difficult to deal with or to understand; full of problems; not certain to be successful
procedure,"a way of doing something, especially the usual or correct way"
proceed,to continue doing something that has already been started; to continue being done
proceeding,the process of using a court to settle an argument or to deal with a complaint
proceeds,"the money that you receive when you sell something or organize a performance, etc.; profits"
process,a series of things that are done in order to achieve a particular result
processing,"the treatment of raw material, food, etc. in order to change it, preserve it, etc."
processor,"a machine, person or company that processes things"
proclaim,to publicly and officially tell people about something important
produce,"things that have been made or grown, especially things connected with farming"
producer,"a person, a company or a country that grows or makes food, goods or materials"
product,"a thing that is grown, produced or created, usually for sale"
production,"the process of growing or making food, goods or materials, especially large quantities"
productive,"making goods or growing crops, especially in large quantities"
productivity,"the rate at which a worker, a company or a country produces goods, and the amount produced, compared with how much time, work and money is needed to produce them"
profession,"a type of job that needs special training or skill, especially one that needs a high level of education"
professional,doing something as a paid job rather than as a hobby
professor,a university teacher of the highest rank
profile,a description of somebody/something that gives useful information
profit,"the money that you make in business or by selling things, especially after paying the costs involved"
profitable,that makes or is likely to make money
profound,very great; felt or experienced very strongly
program,a set of instructions in code that control the operations or functions of a computer
programme,something that people watch on television or listen to on the radio
programming,the process of writing and testing computer programs
progress,"the process of improving or developing, or of getting nearer to achieving or completing something"
progressive,"in favour of new ideas, modern methods and change"
prohibit,to stop something from being done or used especially by law
project,"a piece of work involving careful study of a subject over a period of time, done by school or college students"
projection,"an estimate or a statement of what figures, amounts, or events will be in the future, or what they were in the past, based on what is happening now"
prominent,important or well known
promise,a statement that tells somebody that you will definitely do or not do something
promising,showing signs of being good or successful
promote,"to help sell a product, service, etc. or make it more popular by advertising it or offering it at a special price"
promotion,a move to a more important job or rank in a company or an organization
prompt,to make somebody decide to do something; to cause something to happen
pronounce,to make the sound of a word or letter in a particular way
pronounced,"very obvious, easy to notice or strongly expressed"
proof,"information, documents, etc. that show that something is true"
propaganda,"ideas or statements that may be false or present only one side of an argument that are used in order to gain support for a political leader, party, etc."
proper,"right, appropriate or correct; according to the rules"
properly,in a way that is correct and/or appropriate
property,a thing or things that are owned by somebody; a possession or possessions
proportion,a part or share of a whole
proposal,a formal suggestion or plan; the act of making a suggestion
propose,"to suggest a plan, an idea, etc. for people to think about and decide on"
proposition,"an idea or a plan of action that is suggested, especially in business"
prosecute,to officially charge somebody with a crime in court
prosecution,the process of trying to prove in court that somebody is guilty of a crime (= of prosecuting them); the process of being officially charged with a crime in court
prosecutor,a public official who charges somebody officially with a crime and prosecutes them in court
prospect,the possibility that something will happen
prospective,expected to do something or to become something
prosperity,"the state of being successful, especially in making money"
protect,"to make sure that somebody/something is not harmed, injured, damaged, etc."
protection,the act of protecting somebody/something; the state of being protected
protective,providing or intended to provide protection
protein,"a substance, found within all living things, that forms the structure of muscles, organs, etc. There are many different proteins and they are an essential part of what humans and animals eat to help them grow and stay healthy."
protest,the expression of strong dislike of or opposition to something; a statement or an action that shows this
protester,a person who makes a public protest
protocol,"a system of fixed rules and formal behaviour used at official meetings, usually between governments"
proud,"feeling pleased and satisfied about something that you own or have done, or are connected with"
prove,"to use facts, evidence, etc. to show that something is true"
provide,to give something to somebody or make it available for them to use
province,one of the areas that some countries are divided into with its own local government
provincial,"connected with one of the large areas that some countries are divided into, with its own local government"
provision,the act of supplying somebody with something that they need or want; something that is supplied
provoke,to cause a particular reaction or have a particular effect
psychiatric,relating to psychiatry or to mental illnesses
psychological,connected with a person’s mind and the way in which it works
psychologist,a scientist who studies and is trained in psychology
psychology,the scientific study of the mind and how it influences behaviour
pub,"a building where people go to drink and meet their friends. Pubs serve alcoholic and other drinks, and often also food."
public,connected with ordinary people in society in general
publication,"the act of printing a book, a magazine, etc. and making it available to the public; a book, a magazine, etc. that has been published"
publicity,"the attention that is given to somebody/something by newspapers, television, etc."
publish,"to produce a book, magazine, CD-ROM, etc. and sell it to the public"
publishing,"the profession or business of preparing and printing books, magazines, CD-ROMs, etc. and selling or making them available to the public"
pull,an act of trying to make something move by taking hold of it and using force to bring it towards you
pulse,"the regular beat of the heart as it sends blood around the body, that can be felt in different places, especially on the inside part of the wrist; the number of times the heart beats in a minute"
pump,"a machine that is used to force liquid, gas or air into or out of something"
punch,a hard hit made with the fist (= closed hand)
punish,to make somebody suffer because they have broken the law or done something wrong
punishment,an act or a way of punishing somebody
punk,a type of loud and aggressive rock music popular in the late 1970s and early 1980s
pupil,"a person who is being taught, especially a child in a school"
purchase,the act or process of buying something
pure,not mixed with anything else; with nothing added
purely,only; completely
purple,having the colour of blue and red mixed together
purpose,"the intention, aim or function of something; the thing that something is supposed to achieve"
pursue,to do something or try to achieve something over a period of time
pursuit,the act of looking for or trying to get something
push,an act of pushing something/somebody
put,to move something into a particular place or position
puzzle,"a game, etc. that you have to think about carefully in order to answer it or do it"
qualification,an exam that you have passed or a course of study that you have successfully completed
qualified,having passed the exams or completed the training that are necessary in order to do a particular job; having the experience to do a particular job
qualify,"to reach the standard of ability or knowledge needed to do a particular job, for example by completing a course of study or passing exams"
quality,the standard of something when it is compared to other things like it; how good or bad something is
quantity,an amount or a number of something
quarter,one of four equal parts of something
queen,the female ruler of an independent state that has a royal family
query,"a question, especially one asking for information or expressing a doubt about something"
quest,"a long search for something, especially for some quality such as happiness"
question,"a sentence, phrase or word that asks for information"
questionnaire,a written list of questions that are answered by a number of people so that information can be collected from the answers
queue,"a line of people, cars, etc. waiting for something or to do something"
quick,done with speed; taking or lasting a short time
quiet,making very little noise
quietly,in a way that makes very little noise
quit,"to leave your job, school, etc."
quite,to some degree
quota,a limited number or amount of people or things that is officially allowed
quotation,"a group of words or a short piece of writing taken from a book, play, speech, etc. and repeated because it is interesting or useful"
quote,"a group of words or a short piece of writing taken from a book, play, speech, etc. and repeated because it is interesting or useful"
race,"a competition between people, animals, vehicles, etc. to see which one is the faster or fastest"
racial,happening or existing between people of different races
racing,the sport of racing horses
racism,the unfair treatment of people who belong to a different race; violent behaviour towards them
racist,having the belief that some races of people are better than others or having general beliefs about other people based only on their race; showing this through violent or unfair treatment of people of other races
radar,"a system that uses radio waves to find the position and movement of objects, for example planes and ships, when they cannot be seen"
radiation,powerful and very dangerous rays that are sent out from radioactive substances
radical,relating to the most basic and important parts of something; complete and detailed
radio,the activity of broadcasting programmes for people to listen to; the programmes that are broadcast
rage,a feeling of violent anger that is difficult to control
raid,"a short surprise attack on an enemy by soldiers, ships or aircraft"
rail,a wooden or metal bar placed around something as a barrier or to provide support
railway,a track with rails on which trains run
rain,water that falls from the sky in separate drops
raise,to lift or move something to a higher level
rally,"a large public meeting, especially one held to support a particular idea or political party"
random,"done, chosen, etc. without somebody deciding in advance what is going to happen, or without any regular pattern"
range,a variety of things of a particular type
rank,"the position, especially a high position, that somebody has in a particular organization, society, etc."
ranking,"the position of somebody/something on a scale that shows how good or important they are in relation to other similar people or things, especially in sport"
rape,the crime of forcing somebody to have sex when they do not want it or are not able to agree to it
rapid,happening quickly or in a short period of time
rapidly,very quickly; at a great rate
rare,"not done, seen, happening, etc. very often"
rarely,not very often
rat,"a small animal with a long tail, that looks like a large mouse, usually considered a pest (= an animal which is disliked because it destroys food or spreads disease)"
rate,a measurement of the speed at which something happens
rather,"used to mean ‘fairly’ or ‘to some degree’, often when you are disappointed, surprised or expressing slight criticism"
rating,"a measurement of how good, popular, important, etc. somebody/something is, especially in relation to other people or things"
ratio,the relationship between two groups of people or things that is represented by two numbers showing how much larger one group is than the other
rational,based on reason rather than emotions
raw,not cooked
ray,"a narrow line of light, heat or other energy"
reach,the distance over which you can stretch your arms to touch something; the distance over which a particular object can be used to touch something else
react,to change or behave in a particular way as a result of or in response to something
reaction,"what you do, say or think as a result of something that has happened"
read,to look at and understand the meaning of written or printed words or symbols
reader,"a person who reads, especially one who reads a lot or in a particular way"
readily,quickly and without difficulty
reading,the activity of somebody who reads
ready,fully prepared for what you are going to do and able to start it immediately
real,actually existing or happening and not imagined or pretended
realistic,accepting in a sensible way what it is actually possible to do or achieve in a particular situation
reality,"the true situation and the problems that actually exist in life, in contrast to how you would like life to be"
realization,the process of becoming aware of something
realize,to understand or become aware of a particular fact or situation
really,used to emphasize an adjective or adverb
realm,"an area of activity, interest or knowledge"
rear,at or near the back of something
reason,a cause or an explanation for something that has happened or that somebody has done
reasonable,"fair, practical, and sensible"
reasonably,to a degree that is fairly good but not very good
reasoning,the process of thinking about things in a logical way; opinions and ideas that are based on logical thinking
reassure,to say or do something that makes somebody less frightened or worried
rebel,a person who fights against the government of their country
rebellion,"an attempt by some of the people in a country to change their government, using violence"
rebuild,to build or put something together again
recall,to remember something
receipt,a piece of paper or an electronic document that shows that goods or services have been paid for
receive,to get or accept something that is sent or given to you
receiver,the part of a phone that you hold close to your mouth and ear
recent,that happened or began only a short time ago
recently,not long ago
reception,"the area inside the entrance of a hotel, an office building, etc. where guests or visitors go first when they arrive"
recession,"a difficult time for the economy of a country, when there is less trade and industrial activity than usual and more people are unemployed"
recipe,a set of instructions that tells you how to cook something and the ingredients (= items of food) you need for it
recipient,a person who receives something
reckon,to think something or have an opinion about something
recognition,"the act of remembering who somebody is when you see them, or of identifying what something is"
recognize,"to know who somebody is or what something is when you see or hear them or it, because you have seen or heard them or it before"
recommend,"to tell somebody that something is good or useful, or that somebody would be suitable for a particular job, etc."
recommendation,an official suggestion about the best thing to do
reconstruction,the process of changing or improving the condition of something or the way it works; the process of putting something back into the state it was in before
record,a written account of something that is kept so that it can be looked at and used in the future
recording,"sound or pictures that have been recorded on computer files or on CD, DVD, video, etc."
recount,"sound or pictures that have been recorded on computer files or on CD, DVD, video, etc."
recover,"to get well again after being ill, hurt, etc."
recovery,the process of becoming well again after an illness or injury
recruit,a person who has recently joined the armed forces or the police
recruitment,"the act or process of finding new people to join a company, an organization, the armed forces, etc."
recycle,to treat things that have already been used so that they can be used again
red,having the colour of blood or fire
reduce,"to make something less or smaller in size, quantity, price, etc.; to become less or smaller in size, quantity, etc."
reduction,an act of making something less or smaller; the state of being made less or smaller
refer,"to send somebody/something to somebody/something for help, advice or a decision"
referee,the official who controls the game in some sports
reference,a thing you say or write that mentions somebody/something else; the act of mentioning somebody/something
referendum,an occasion when all the people of a country can vote on an important issue
reflect,"to show the image of somebody/something on the surface of something such as a mirror, water or glass"
reflection,"an image in a mirror, on a shiny surface, on water, etc."
reform,"change that is made to a social system, an organization, etc. in order to improve or correct it"
refuge,"shelter or protection from danger, trouble, etc."
refugee,"a person who has been forced to leave their country or home, because there is a war or for political, religious or social reasons"
refusal,"an act of saying or showing that you will not do, give or accept something"
refuse,to say or show that you will not do something that somebody has asked you to do
regain,"to get back something you no longer have, especially an ability or a quality"
regard,attention to or thought and care for somebody/something
regardless,"paying no attention, even if the situation is bad or there are difficulties"
regime,"a method or system of government, especially one that has not been elected in a fair way"
region,"a large area of land, usually without exact limits or borders"
regional,of or relating to a region
register,"an official list or record of names, items, etc.; a book that contains such a list"
registration,the act of making an official record of something/somebody
regret,a sad feeling because of something that has happened or something that you have done or not done
regular,"following a pattern, especially with the same time or space in between each thing and the next"
regularly,at regular intervals or times
regulate,to control something by means of rules
regulation,an official rule made by a government or some other authority
regulator,a person or an organization that officially controls an area of business or industry and makes sure that it is operating fairly
regulatory,having the power to control an area of business or industry and make sure that it is operating fairly
rehabilitation,"the process of helping somebody to return to a normal, healthy life after they have been in prison or very ill"
reign,"the period during which a king, queen, emperor, etc. rules"
reinforce,"to make a feeling, an idea, etc. stronger"
reject,to refuse to accept or consider something
rejection,the act of refusing to accept or consider something
relate,show or make a connection between two or more things
related,connected with something/somebody in some way
relation,"the way in which two people, groups or countries behave towards each other or deal with each other"
relationship,"the way in which two people, groups or countries behave towards each other or deal with each other"
relative,considered and judged by being compared with something else
relatively,"to a fairly large degree, especially in comparison to something else"
relax,"to rest while you are doing something that you enjoy, especially after work or effort"
relaxed,calm and not anxious or worried
relaxing,helping you to rest and become less anxious
release,the act of setting a person or an animal free; the state of being set free
relevance,a close connection with the subject you are discussing or the situation you are in
relevant,closely connected with the subject you are discussing or the situation you are in
reliability,the quality of being able to be trusted to do what somebody wants or needs
reliable,that can be trusted to do something well; that you can rely on
relief,the feeling of happiness that you have when something unpleasant stops or does not happen
relieve,to remove or reduce an unpleasant feeling or pain
relieved,feeling happy because something unpleasant has stopped or has not happened; showing this
religion,"the belief in the existence of a god or gods, and the activities that are connected with the worship of them, or in the teachings of a spiritual leader"
religious,connected with religion or with a particular religion
reluctant,hesitating before doing something because you do not want to do it or because you are not sure that it is the right thing to do
remain,to continue to be something; to be still in the same state or condition
remainder,"the people, things or time that remain"
remains,"the parts of something that are left after the other parts have been used, eaten, removed, etc."
remark,"something that you say or write which expresses an opinion, a thought, etc. about somebody/something"
remarkable,unusual or surprising in a way that causes people to take notice
remarkably,in a way that is unusual or surprising and causes people to take notice
remedy,a way of dealing with or improving an unpleasant or difficult situation
remember,"to have or keep an image in your memory of an event, a person, a place, etc. from the past"
remind,"to help somebody remember something, especially something important that they must do"
reminder,"something that makes you think about or remember somebody/something, that you have forgotten or would like to forget"
remote,far away from places where other people live
removal,the act of taking somebody/something away from a particular place
remove,to take somebody/something away from a place
render,to cause somebody/something to be in a particular state or condition
renew,to begin something again after it stopped or was interrupted
renowned,famous and respected
rent,"an amount of money that you regularly pay so that you can use a house, room, etc."
rental,the amount of money that you pay to use something for a particular period of time
repair,an act of repairing something
repeat,an event that is very similar to something that happened before
repeated,"happening, said or done many times"
replace,to be used instead of somebody/something else; to do something instead of somebody/something else
replacement,"the act of replacing one thing with another, especially something that is newer or better"
reply,"an act of replying to something/somebody in speech, writing or by some action"
report,"a written or spoken account of an event, especially one that is published or broadcast"
reportedly,according to what some people say
reporter,"a person who collects and reports news for newspapers, radio or television"
reporting,"the presenting of and writing about news on television and radio, and in newspapers"
represent,"to be a member of a group of people and act or speak for them at an event, a meeting, etc."
representation,the act of presenting somebody/something in a particular way; something that shows or describes something
representative,typical of a particular group of people; that is a typical example of something
reproduce,"to make a copy of a picture, piece of text, etc."
reproduction,"the act or process of producing babies, young animals or plants"
republic,a country that is governed by a president and politicians elected by the people and where there is no king or queen
reputation,"the opinion that people have about what somebody/something is like, based on what has happened in the past"
request,the action of asking for something formally and politely; a thing that you formally ask for
require,to need something; to depend on somebody/something
requirement,something that you need or want
rescue,the act of saving somebody/something from a dangerous or difficult situation; the fact of being saved
research,"a careful study of a subject, especially in order to discover new facts or information about it"
researcher,a person who studies something carefully and tries to discover new facts about it
resemble,to look like or be similar to another person or thing
reservation,"an arrangement for a seat on a plane or train, a room in a hotel, etc. to be kept for you"
reserve,a supply of something that is available to be used in the future or when it is needed
reside,to live in a particular place
residence,"a house, especially a large or impressive one"
resident,living in a particular place
residential,suitable for living in; consisting of houses rather than factories or offices
residue,a small amount of something that remains at the end of a process
resign,"to officially tell somebody that you are leaving your job, an organization, etc."
resignation,the act of giving up your job or position; the occasion when you do this
resist,to refuse to accept something and try to stop it from happening
resistance,"dislike of or opposition to a plan, an idea, etc.; the act of refusing to obey"
resolution,a definite decision to do or not to do something
resolve,to find an acceptable solution to a problem or difficulty
resort,a place where a lot of people go on holiday
resource,"a supply of something that a country, an organization or a person has and can use, especially to increase their wealth"
respect,a strong feeling of approval of somebody/something because of their good qualities or achievements
respective,belonging or relating separately to each of the people or things already mentioned
respectively,in the same order as the people or things already mentioned
respond,to give a spoken or written answer to somebody/something
response,a spoken or written answer
responsibility,"a duty to deal with or take care of somebody/something, so that you may be blamed if something goes wrong"
responsible,"having the job or duty of doing something or taking care of somebody/something, so that you may be blamed if something goes wrong"
rest,the part of something that remains
restaurant,a place where you can buy and eat a meal
restoration,"the work of repairing and cleaning an old building, a painting, etc. so that its condition is as good as it originally was"
restore,to bring back a situation or feeling that existed before
restraint,"a rule, a fact, an idea, etc. that limits or controls what people can do"
restrict,"to limit the size, amount or range of something"
restriction,a rule or law that limits what you can do or what can happen
result,a thing that is caused or produced because of something else
resume,"if you resume an activity, or if it resumes, it begins again or continues after being interrupted"
retail,"the selling of goods to the public, usually through shops"
retain,to keep something; to continue to have something
retire,"to leave your job and stop working, especially because you have reached a particular age or because you are ill; to tell somebody they must stop doing their job"
retired,having retired from work
retirement,"the fact of leaving your job and stopping work, usually because you have reached a particular age; the time when you do this"
retreat,a movement away from a place or an enemy because of danger or defeat
retrieve,"to bring or get something back, especially from a place where it should not be"
return,the action of arriving in or coming back to a place that you were in before
reveal,to make something known to somebody
revelation,"a fact that people are made aware of, especially one that has been secret and is surprising"
revenge,something that you do in order to make somebody suffer because they have made you suffer
revenue,"the money that a government receives from taxes or that an organization, etc. receives from its business"
reverse,opposite to what has been mentioned
review,"a report in a newspaper or magazine, or on the internet, television or radio, in which somebody gives their opinion of a book, play, film, product, etc.; the act of writing this kind of report"
revise,"to change your opinions or plans, for example because of something you have learned"
revision,a change or set of changes to something
revival,an improvement in the condition or strength of something
revive,"to become, or to make somebody/something become, conscious or healthy and strong again"
revolution,"an attempt, by a large number of people, to change the government of a country, especially by violent action"
revolutionary,connected with political revolution
reward,"a thing that you are given because you have done something good, worked hard, etc."
rhetoric,"speech or writing that is intended to influence people, but that is not completely honest or sincere"
rhythm,a strong regular repeated pattern of sounds or movements
rice,"short, narrow white or brown grain grown on wet land in hot countries as food; the plant that produces this grain"
rich,having a lot of money or property
rid,to be free of somebody/something that has been annoying you or that you do not want
ride,"a short journey in a vehicle, on a bicycle, etc."
ridiculous,very silly or unreasonable
rifle,a gun with a long barrel which you hold to your shoulder to fire
right,true or correct as a fact
ring,"a piece of jewellery that you wear on your finger, consisting of a round band of gold, silver, etc., sometimes decorated with precious stones"
riot,"a situation in which a group of people behave in a violent way in a public place, often as a protest"
rip,"to tear something or to become torn, often suddenly or violently"
rise,"an increase in an amount, a number or a level"
risk,the possibility of something bad happening at some time in the future; a situation that could be dangerous or have a bad result
risky,involving the possibility of something bad happening
ritual,"a series of actions that are always performed in the same way, especially as part of a religious ceremony"
rival,"competing with another person, company, thing, etc."
river,a natural flow of water that continues in a long line across land to the sea
road,a hard surface built for vehicles to travel on
rob,to steal money or property from a person or place
robbery,"the crime of stealing money or goods from a bank, shop, person, etc., especially using violence or threats"
robot,a machine that can perform a complicated series of tasks by itself
robust,strong and healthy
rock,the hard solid material that forms part of the surface of the earth and some other planets
rocket,a spacecraft in the shape of a tube that is driven by a stream of gases let out behind it when fuel is burned inside
rod,"a long straight piece of wood, metal or glass"
role,"an actor’s part in a play, film, etc."
roll,a small loaf of bread for one person
romance,"an exciting, usually short, relationship between two people who are in love with each other"
romantic,connected with or about love or a sexual relationship
roof,the structure that covers or forms the top of a building or vehicle
room,"a part of a building that has its own walls, floor and ceiling and is usually used for a particular purpose"
root,the part of a plant that grows under the ground and takes in water and minerals that it sends to the rest of the plant
rope,"very strong thick string made by twisting thinner strings, wires, etc. together"
rose,a flower with a sweet smell that grows on a bush with thorns (= sharp points) on its stems
rotate,to move or turn around a central fixed point; to make something do this
rotation,the action of an object moving in a circle around a central fixed point
rough,having a surface that is not even or regular
roughly,approximately but not exactly
round,having a shape like a circle or a ball
route,a way that you follow to get from one place to another
routine,"done or happening as a normal part of a particular job, situation or process"
royal,connected with or belonging to the king or queen of a country
rub,"to move your hand, a cloth, etc., backwards and forwards over a surface while pressing it"
rubber,made of rubber
rubbish,things that you throw away because you no longer want or need them
rude,having or showing a lack of respect for other people and their feelings
rugby,"a game played by two teams of 13 or 15 players, using an oval ball which may be kicked or carried. Teams try to put the ball over the other team’s line."
ruin,the state or process of being destroyed or severely damaged
rule,"a statement of what may, must or must not be done in a particular situation or when playing a game"
ruling,"an official decision made by somebody in a position of authority, especially a judge"
rumour,"a piece of information, or a story, that people talk about, but that may not be true"
run,an act of running; a period of time spent running or the distance that somebody runs
runner,"a person or an animal that runs, especially one taking part in a race"
running,the action or sport of running
rural,connected with or like the countryside
rush,a sudden strong movement or action
sack,to dismiss somebody from a job
sacred,connected with God or a god; considered to be holy
sacrifice,the fact of giving up something important or valuable to you in order to get or do something that seems more important; something that you give up in this way
sad,unhappy or showing unhappiness
sadly,in a sad way
safe,"protected from any danger, harm or loss"
safety,the state of being safe and protected from danger or harm
sail,a sheet of strong cloth which the wind blows against to make a boat or ship travel through the water
sailing,the sport or activity of travelling in a boat with sails
sailor,a person who works on a ship as a member of the crew
saint,"a person that the Christian Church recognizes as being very holy, because of the way they have lived or died"
salad,"a mixture of raw vegetables such as lettuce, tomato and cucumber, usually served with other food as part of a meal"
salary,"money that employees receive for doing their job, especially professional employees or people working in an office, usually paid every month"
sale,an act or the process of selling something
salt,a white substance that is added to food to make it taste better or to preserve it. Salt is obtained from mines and is also found in seawater. It is sometimes called common salt to show that it is different from other chemical salts. Its chemical name is sodium chloride.
same,exactly the one or ones referred to or mentioned; not different
sample,a number of people or things taken from a larger group and used in tests to provide information about the group
sanction,"an official order that limits trade, contact, etc. with a particular country, in order to make it do something, such as obeying international law"
sand,"a substance that consists of very small fine grains of rock. Sand is found on beaches, in deserts, etc."
sandwich,"two slices of bread, often spread with butter, with a layer of meat, cheese, etc. between them"
satellite,"an electronic device that is sent into space and moves around the earth or another planet. It is used for communicating by radio, television, etc. and for gathering information."
satisfaction,the good feeling that you have when you have achieved something or when something that you wanted to happen does happen; something that gives you this feeling
satisfied,pleased because you have achieved something or because something that you wanted to happen has happened
satisfy,to make somebody pleased by doing or giving them what they want
Saturday,the day of the week after Friday and before Sunday
sauce,a thick liquid that is eaten with food to add taste to it
save,"to keep somebody/something safe from death, harm, loss, etc."
saving,an amount of something such as time or money that you do not need to use or spend
say,the right to influence something by giving your opinion before a decision is made
scale,"the size or extent of something, especially when compared with something else"
scan,"to look quickly but not very carefully at a document, etc."
scandal,behaviour or an event that people think is morally or legally wrong and causes public feelings of shock or anger
scare,a situation in which a lot of people are anxious or frightened about something
scared,frightened of something or afraid that something bad might happen
scary,frightening
scattered,spread far apart over a wide area or over a long period of time
scenario,a description of how things might happen in the future
scene,"the place where something happens, especially something unpleasant"
sceptical,having doubts that a claim or statement is true or that something will happen
schedule,a plan that lists all the work that you have to do and when you must do each thing
scheme,a plan or system for doing or organizing something
scholar,a person who knows a lot about a particular subject because they have studied it in detail
scholarship,an amount of money given to somebody by an organization to help pay for their education
school,a place where children go to be educated
science,"knowledge about the structure and behaviour of the natural and physical world, based on facts that you can prove, for example by experiments"
scientific,involving science; connected with science
scientist,"a person who studies one or more of the natural sciences (= for example, physics, chemistry or biology)"
scope,the opportunity or ability to do or achieve something
score,"the number of points, goals, etc. scored by each player or team in a game or competition"
scratch,"a mark, a cut or an injury made by scratching somebody’s skin or the surface of something"
scream,"a loud high shout made by somebody who is hurt, frightened, excited, etc.; a loud high noise"
screen,"the flat surface at the front of a television, computer, or other electronic device, on which you see pictures or information"
screening,the act of showing a film or television programme
screw,"a thin pointed piece of metal like a nail with a raised spiral line (called a thread) along it and a line or cross cut into its head. Screws are turned and pressed into wood, metal, etc. with a screwdriver in order to fasten two things together."
script,"a written text of a play, film, broadcast, talk, etc."
scrutiny,careful and complete examination
sculpture,"a work of art that is a solid figure or object made by carving or shaping wood, stone, clay, metal, etc."
sea,the salt water that covers most of the earth’s surface and surrounds its continents and islands
seal,"an official design or mark, stamped on a document to show that it is real and carries the authority of a particular person or organization"
search,"an attempt to find somebody/something, especially by looking carefully for them/it"
season,"any of the four main periods of the year: spring, summer, autumn and winter"
seat,"a place where you can sit, for example a chair"
second,after one other person or thing in order or importance
secondary,connected with teaching children of 11–18 years
secondly,used to introduce the second of a list of points you want to make in a speech or piece of writing
secret,known about by only a few people; kept hidden from others
secretary,"a person who works in an office, working for another person, dealing with mail and phone calls, keeping records, arranging meetings with people, etc."
section,any of the parts into which something is divided
sector,"a part of an area of activity, especially of a country’s economy"
secular,not connected with spiritual or religious matters
secure,likely to continue or be successful for a long time
security,"the activities involved in protecting a country, building or person against attack, danger, etc."
see,to become aware of somebody/something by using your eyes
seed,"the small hard part produced by a plant, from which a new plant can grow"
seek,to look for something/somebody
seeker,a person who is trying to find or get the thing mentioned
seem,to give the impression of being or doing something
seemingly,in a way that appears to be true but may in fact not be
segment,a part of something that is separate from the other parts or can be considered separately
seize,to take somebody/something in your hand suddenly and using force
seldom,not often
select,"to choose somebody/something from a group of people or things, usually according to a system"
selection,"the process of choosing somebody/something from a group of people or things, usually according to a system"
selective,affecting or involving only a small number of people or things from a larger group
self,"the type of person you are, especially the way you normally behave, look or feel"
sell,to give something to somebody in exchange for money
seminar,a class at a university or college when a small group of students and a teacher discuss or study a particular topic
senator,a member of a senate
send,"to make something go or be taken to a place, especially by post, email, radio, etc."
senior,high in rank or status; higher in rank or status than others
sensation,a feeling that you get when something affects your body
sense,an understanding about something; an ability to judge something
sensible,able to make good judgements based on reason and experience rather than emotion; practical
sensitive,aware of and able to understand other people and their feelings
sensitivity,the ability to understand other people’s feelings
sentence,"a set of words expressing a statement, a question or an order, usually containing a subject and a verb. In written English sentences begin with a capital letter and end with a full stop/period (.), a question mark (?) or an exclamation mark (!)."
sentiment,"a feeling or an opinion, especially one based on emotions"
separate,forming a unit by itself; not joined to something else
separation,the act of separating people or things; the state of being separate
September,"the 9th month of the year, between August and October"
sequence,"a set of events, actions, numbers, etc. which have a particular order and which lead to a particular result"
serial,doing the same thing in the same way several times; done in the same way several times
series,a set of television or radio programmes or podcasts that deal with the same subject or that have the same characters
serious,bad or dangerous
seriously,in a serious way
servant,"a person who works in another person’s house, and cooks, cleans, etc. for them"
serve,"to give somebody food or drink, for example at a restaurant or during a meal"
service,"a system that provides something that the public needs, organized by the government or a private company"
session,a period of time that is spent doing a particular activity
set,a group of similar things that belong together in some way
set-up,a way of organizing something; a system
setting,an environment where something is located; the place at which something happens
settle,to put an end to an argument or a disagreement
settlement,an official agreement that ends an argument between two people or groups
settler,a person who goes to live in a new country or region
several,more than two but not very many
seven,7
severe,extremely bad or serious
severely,very badly or seriously
sex,the state of being male or female
sexual,connected with the physical activity of sex
sexuality,the feelings and activities connected with a person’s sexual desires
sexy,sexually attractive
shade,"an area that is dark and cool under or behind something, for example a tree or building, because the sun’s light does not get to it"
shadow,"the dark shape that somebody/something’s form makes on a surface, for example on the ground, when they are between the light and the surface"
shake,an act of shaking somebody/something
shall,used with I and we for talking about or predicting the future
shallow,not having much distance between the top or surface and the bottom
shame,used to say that something is a cause for feeling sad or disappointed
shape,the form of the outer edges or surfaces of something; an example of something that has a particular form
shaped,having the type of shape mentioned
share,one part of something that is divided between two or more people
shareholder,an owner of shares in a company or business
sharp,"having a fine edge or point, especially of something that can cut or make a hole in something"
shatter,to suddenly break into small pieces; to make something suddenly break into small pieces
she,a female person or animal that has already been mentioned or is easily identified
shed,to get rid of something that is no longer wanted
sheep,"an animal with a thick coat, kept on farms for its meat (called mutton or lamb) or its wool"
sheer,"used to emphasize the size, degree or amount of something"
sheet,a large piece of thin cloth used on a bed to lie on or lie under
shelf,"a flat board, made of wood, metal, glass, etc., fixed to the wall or forming part of a cupboard, bookcase, etc., for things to be placed on"
shell,"the hard outer part of eggs, nuts, some seeds, and some animals"
shelter,"the fact of having a place to live or stay, considered as a basic human need"
shift,a period of time worked by a group of workers who start work as another group finishes
shine,to produce or reflect light; to be bright
shiny,smooth and bright; reflecting the light
ship,a large boat that carries people or goods by sea
shipping,ships in general or considered as a group
shirt,"a piece of clothing worn on the upper part of the body, made of light cloth, with sleeves and usually with a collar and buttons down the front"
shock,"a strong feeling of surprise as a result of something happening, especially something unpleasant; the event that causes this feeling"
shocked,surprised and upset; showing that somebody feels surprised and upset
shocking,that offends or upsets people; that is morally wrong
shoe,one of a pair of objects usually made of leather or plastic that you wear on your feet
shoot,the part that grows up from the ground when a plant starts to grow; a new part that grows on plants or trees
shooting,a situation in which a person is shot with a gun
shop,a building or part of a building where you can buy goods or services
shopping,the activity of going to shops and buying things or ordering them online
shore,"the land along the edge of the sea, the ocean or a lake"
short,"measuring or covering a small length or distance, or a smaller length or distance than usual"
short-term,lasting a short time; designed only for a short period of time in the future
shortage,a situation when there is not enough of the people or things that are needed
shortly,a short time; not long
shot,the act of firing a gun; the sound this makes
should,"used to show what is right, appropriate, etc., especially when criticizing somebody’s actions"
shoulder,either of the two parts of the body between the top of each arm and the neck
shout,"a loud cry of anger, fear, excitement, etc."
show,a programme on television or the radio
shower,a piece of equipment producing a flow of water that you stand under to wash yourself; the small room or part of a room that contains a shower
shrink,"to become smaller, especially when washed in water that is too hot; to make clothes, cloth, etc. smaller in this way"
shrug,to raise your shoulders and then drop them to show that you do not know or care about something
shut,not open
shy,nervous or embarrassed about meeting and speaking to other people
sibling,a brother or sister
sick,physically or mentally ill
side,"either of the two halves of a surface, an object or an area that is divided by an imaginary central line"
sigh,an act or the sound of sighing
sight,the ability to see
sign,"an event, an action, a fact, etc. that shows that something exists, is happening or may happen in the future"
signal,"a movement or sound that you make to give somebody information, instructions, a warning, etc."
signature,"your name as you usually write it, for example at the end of a letter"
significance,"the importance of something, especially when this has an effect on what happens in the future"
significant,large or important enough to have an effect or to be noticed
significantly,in a way that is large or important enough to have an effect on something or to be noticed
silence,a complete lack of noise or sound
silent,where there is little or no sound; making little or no sound
silk,fine soft thread produced by silkworms
silly,"showing a lack of thought, understanding, or judgement"
silver,shiny grey-white in colour
similar,like somebody/something but not exactly the same
similarity,the state of being similar to somebody/something but not exactly the same
similarly,in almost the same way
simple,not complicated; easy to understand or do
simply,used to emphasize how easy or basic something is
simulate,"to create particular conditions that exist in real life using computers, models, etc., usually for study or training purposes"
simulation,a situation in which a particular set of conditions is created artificially in order to study or experience something that could exist in reality
simultaneously,at the same time as something else
sin,an offence against God or against a religious or moral law
since,"from a time in the past until a later past time, or until now"
sincere,showing what you really think or feel
sing,to make musical sounds with your voice in the form of a song or tune
singer,"a person who sings, or whose job is singing, especially in public"
singing,the activity of making musical sounds with your voice
single,only one
sink,to go down below the surface or towards the bottom of a liquid or soft substance
sir,"used as a polite way of addressing a man whose name you do not know, for example in a shop or restaurant"
sister,a girl or woman who has the same mother and father as another person
sit,"to rest your weight on your bottom with your back straight, for example on/in a chair"
six,6
site,"a place where a building, town, etc. was, is or will be located"
situated,in a particular place or position
situation,all the circumstances and things that are happening at a particular time and in a particular place
size,how large or small a person or thing is
sketch,a simple picture that is drawn quickly and does not have many details
ski,connected with the sport of skiing
skiing,the sport or activity of moving over snow on skis
skill,the ability to do something well
skilled,"having enough ability, experience and knowledge to be able to do something well"
skin,the layer of tissue that covers the body
skip,to move forwards lightly and quickly making a little jump with each step
skirt,a piece of clothing that hangs from the middle part of the body
skull,the bone structure that forms the head and surrounds and protects the brain
sky,"the space above the earth that you can see when you look up, where clouds and the sun, moon and stars appear"
slam,"to shut, or to make something shut, with a lot of force, making a loud noise"
slap,to hit somebody/something with the flat part of your hand
slash,"to make a long cut with a sharp object, especially in a violent way"
slave,a person who is owned by another person and is forced to work for and obey them
slavery,the state of being forced to work as a slave
sleep,"the natural state of rest in which your eyes are closed, your body is not active, and your mind is not conscious"
slice,"a thin flat piece of bread, meat, cheese, etc. that has been cut off a larger piece; a piece of cake that has been cut from a larger cake"
slide,"one page of an electronic presentation, that may contain text and images, that is usually viewed on a computer screen or projected onto a larger screen"
slight,very small in degree
slightly,a little
slip,to slide a short distance by accident so that you fall or nearly fall
slogan,"a word or phrase that is easy to remember, used for example by a political party or in advertising to attract people’s attention or to suggest an idea quickly"
slope,a surface or piece of land that slopes (= is higher at one end than the other)
slot,"a long, narrow opening, into which you put or fit something"
slow,"not moving, acting or done quickly; taking a long time; not fast"
slowly,at a slow speed; not quickly
small,"not large in size, number, degree, amount, etc."
smart,looking clean and neat; well dressed in fashionable and/or formal clothes
smartphone,"a mobile phone that also has some of the functions of a computer, for example the facility to use apps and the internet"
smash,"to break something, or to be broken, violently and noisily into many pieces"
smell,the quality of something that people and animals sense through their noses
smile,"the expression that you have on your face when you are happy or you think something is funny, in which the corners of your mouth turn upwards"
smoke,"the grey, white or black gas that is produced by something burning"
smoking,"the activity or habit of smoking cigarettes, etc."
smooth,"completely flat and even, without any rough areas or holes"
snake,"a reptile with a very long thin body and no legs. There are many types of snake, some of which are poisonous."
snap,to break something suddenly with a sharp noise; to be broken in this way
snow,small soft white pieces (called flakes) of frozen water that fall from the sky in cold weather; this substance when it is lying on the ground
so,to such a great degree
so-called,used to show that you do not think that the word or phrase that is being used to describe somebody/something is appropriate
soak,to put something in liquid for a time so that it becomes completely wet; to become completely wet in this way
soap,a substance that you use with water for washing your body
soar,"if the value, amount or level of something soars, it rises very quickly"
soccer,"a game played by two teams of 11 players, using a round ball which players kick up and down the playing field. Teams try to kick the ball into the other team’s goal."
social,connected with activities in which people meet each other for pleasure
socialist,connected with socialism
society,"people in general, living together in communities"
sock,"a piece of clothing that is worn over the foot, ankle and lower part of the leg, especially inside a shoe"
soft,changing shape easily when pressed; not stiff or hard
software,the programs used by a computer for doing particular jobs
soil,"the top layer of the earth in which plants, trees, etc. grow"
solar,of or connected with the sun
soldier,"a member of an army, especially one who is not an officer"
sole,only; single
solely,only; not involving somebody/something else
solicitor,"a lawyer who prepares legal documents, for example for the sale of land or buildings, advises people on legal matters, and can speak for them in some courts of law"
solid,hard; not in the form of a liquid or gas
solidarity,"support by one person or group of people for another because they share feelings, opinions, aims, etc."
solo,"done by one person alone, without anyone helping them"
solution,a way of solving a problem or dealing with a difficult situation
solve,to find a way of dealing with a problem or difficult situation
some,"used with uncountable nouns or plural countable nouns to mean ‘an amount of’ or ‘a number of’, when the amount or number is not given"
somebody,a person who is not known or mentioned by name
somehow,in a way that is not known or certain
someone,a person who is not known or mentioned by name
something,a thing that is not known or mentioned by name
sometime,at a time that you do not know exactly or has not yet been decided
sometimes,occasionally rather than all of the time
somewhat,to some degree
somewhere,"in, at or to a place that you do not know or do not mention by name"
son,a person’s male child
song,a short piece of music with words that you sing
soon,in a short time from now; a short time after something else has happened
sophisticated,clever and complicated in the way that it works or is presented
sorry,feeling sad and ashamed about something that has been done
sort,a group or type of people or things that are similar in a particular way
soul,"the spiritual part of a person, believed to exist after death"
sound,sensible; that you can rely on and that will probably give good results
soup,"a liquid food made by boiling meat, vegetables, etc. in water, often eaten as the first course of a meal"
source,"a place, person or thing that you get something from"
south,in or towards the south
southern,located in the south or facing south; connected with or typical of the south part of the world or a region
sovereignty,complete power to govern a country
space,the area outside the earth’s atmosphere where all the other planets and stars are
spam,advertising material sent by email to people who have not asked for it; advertising material on the internet that is not wanted
span,the length of time that something lasts or is able to continue
spare,available to do what you want with rather than work
spark,"to cause something to start or develop, especially suddenly"
speak,to talk to somebody about something; to have a conversation with somebody
speaker,a person who gives a talk or makes a speech
special,not ordinary or usual; different from what is normal
specialist,"having or involving expert knowledge of a particular area of work, study or medicine"
specialize,"to become an expert in a particular area of work, study or business; to spend more time on one area of work, etc. than on others"
specialized,designed or developed for a particular purpose or area of knowledge
species,"a group into which animals, plants, etc. that are able to have sex with each other and produce healthy young are divided, smaller than a genus and identified by a Latin name"
specific,connected with one particular thing only
specifically,connected with or intended for one particular thing only
specification,"a detailed description of how something is, or should be, designed or made"
specify,"to state something, especially by giving an exact measurement, time, exact instructions, etc."
specimen,a small amount of something that shows what the rest of it is like
spectacle,two lenses in a frame that rests on the nose and ears. People wear spectacles in order to be able to see better or to protect their eyes from bright light.
spectacular,very impressive
spectator,"a person who is watching an event, especially a sports event"
spectrum,"a band of coloured lights in order of their wavelengths, as seen in a rainbow and into which light may be separated"
speculate,to form an opinion about something without knowing all the details or facts
speculation,the act of forming opinions about what has happened or what might happen without knowing all the facts
speech,a formal talk that a person gives to an audience
speed,the rate at which somebody/something moves or travels
spell,a short period of time during which something lasts
spelling,the act of forming words correctly from individual letters; the ability to do this
spend,"to give money to pay for goods, services, etc."
spending,"the amount of money that is spent by a government, an organization or a person"
sphere,"a solid figure that is completely round, with every point on its surface at an equal distance from the centre"
spice,one of the various types of powder or seed that come from plants and are used in cooking. Spices have a strong taste and smell.
spicy,having a strong taste because spices have been added to it
spider,a small creature with eight thin legs. Many spiders spin webs to catch insects for food.
spill,to flow over the edge of a container by accident; to make liquid do this
spin,a very fast turning movement
spine,the row of small bones that are connected together down the middle of the back
spirit,"the part of a person that includes their mind, feelings and character rather than their body"
spiritual,"connected with the human spirit, rather than the body or physical things"
spite,a feeling of wanting to hurt or upset somebody
split,an argument or disagreement that divides a group of people or makes somebody separate from somebody else
spoil,"to change something good into something bad, unpleasant, etc."
spoken,involving speaking rather than writing; expressed in speech rather than in writing
spokesman,a person who speaks for a group or an organization
spokesperson,a person who speaks for a group or an organization
spokeswoman,a woman who speaks for a group or an organization
sponsor,"a person or company that pays for a radio or television programme, or for a concert or sporting event, usually in return for advertising"
sponsorship,financial support from a sponsor
spoon,"a tool that has a handle with a shallow bowl at the end, used for mixing, serving and eating food"
sport,"activity that you do for pleasure and that needs physical effort or skill, usually done in a special area and according to fixed rules"
sporting,connected with sports
spot,a small round area that has a different colour or feels different from the surface it is on
spotlight,"a light with a single, very bright beam that can be directed at a particular place or person, especially a performer on the stage"
spouse,a husband or wife
spread,"an increase in the amount or number of something that there is, or in the area that is affected by something"
spring,the season between winter and summer when plants begin to grow
spy,"a person who tries to get secret information about another country, organization or person, especially somebody who is employed by a government or the police"
squad,a section of a police force that deals with a particular type of crime
square,having four straight equal sides and four angles of 90°
squeeze,"to press something, especially with your fingers"
stab,"to push a sharp, pointed object, especially a knife, into somebody, killing or injuring them"
stability,the quality or state of being steady and not changing or being upset in any way (= the quality of being stable)
stabilize,to become or to make something become steady and unlikely to change; to make something stable
stable,"fixed or steady; not likely to move, change or fail"
stadium,a large sports ground surrounded by rows of seats and usually other buildings
staff,all the workers employed in an organization considered as a group
stage,a period or state that something/somebody passes through while developing or making progress
stair,a set of steps built between two floors inside a building
stake,money that somebody invests in a company
stall,"a table or small shop with an open front that people sell things from, especially at a market"
stamp,a small piece of paper with a design on it that you buy and stick on an envelope or a package before you post it
stance,the opinions that somebody has about something and expresses publicly
stand,an attitude towards something or an opinion that you make clear to people
standard,average or normal rather than having special or unusual features
standing,done from a position in which you are standing rather than sitting or running
star,a large ball of burning gas in space that we see as a point of light in the sky at night
stare,to look at somebody/something for a long time
stark,"unpleasant; real, and impossible to avoid"
start,the point at which something begins
starve,to suffer or die because you do not have enough food to eat; to make somebody suffer or die in this way
state,provided or controlled by the government of a country
statement,something that you say or write that gives information or an opinion
station,a place where trains stop so that passengers can get on and off; the buildings connected with this
statistic,a collection of information shown in numbers
statistical,connected with or based on statistics
statue,"a figure of a person or an animal in stone, metal, etc., usually the same size as in real life or larger"
status,"the legal position of a person, group or country"
stay,a period of staying; a visit
steadily,gradually and in an even and regular way
steady,"developing, growing, etc. gradually and in an even and regular way"
steal,"to take something from a person, shop, etc. without permission and without intending to return it or pay for it"
steam,the hot gas that water changes into when it boils
steel,"a strong, hard metal that is made of a mixture of iron and carbon"
steep,"rising or falling quickly, not gradually"
steer,"to control the direction in which a boat, car, etc. moves"
stem,"the main long, thin part of a plant above the ground from which the leaves or flowers grow; a smaller part that grows from this and supports flowers or leaves"
step,one of a series of things that you do in order to achieve something
stereotype,"a fixed idea or image that many people have of a particular type of person or thing, but which is often not true in reality and may cause hurt and offence"
stick,a thin piece of wood that has fallen or been broken from a tree
sticky,made of or covered in a substance that sticks to things that touch it
stiff,difficult to bend or move
still,not moving; calm and quiet
stimulate,to make something develop or become more active; to encourage something
stimulus,something that helps somebody/something to develop better or more quickly
stir,"to move a liquid or substance around, using a spoon or something similar, in order to mix it completely"
stock,a supply of goods that is available for sale in a shop
stomach,the organ inside the body where food goes when you eat it
stone,"a hard solid mineral substance that is found in the ground, often used for building"
stop,a place where a bus or train stops regularly for passengers to get on or off
storage,the process of keeping something in a particular place until it is needed; the space where things can be kept
store,a large shop that sells many different types of goods
storm,"very bad weather with strong winds and rain, and often thunder and lightning"
story,a description of events and people that the writer or speaker has invented in order to entertain people
straight,without a bend or curve; going in one direction only
straightforward,easy to do or to understand; not complicated
strain,pressure on a system or relationship because great demands are being placed on it
strand,"a single thin piece of thread, wire, hair, etc."
strange,"unusual or surprising, especially in a way that is difficult to understand"
stranger,a person that you do not know
strategic,done as part of a plan that is meant to achieve a particular purpose or to gain an advantage
strategy,a plan that is intended to achieve a particular purpose
stream,"a small, narrow river"
street,a public road in a city or town that has houses and buildings on one side or both sides
strength,the quality of being physically strong
strengthen,to become more powerful or effective; to make somebody/something more powerful or effective
stress,pressure or worry caused by problems in somebody’s life or by having too much to do
stretch,"an area of land or water, especially a long one"
strict,that must be obeyed exactly
strictly,with a lot of control and rules that must be obeyed
strike,a period of time when an organized group of employees of a company stops working because of an argument over pay or conditions
striking,interesting and unusual enough to attract attention
string,"long, thin material used for tying things together, made of several threads that have been twisted together; a piece of string used to fasten or pull something or keep something in place"
strip,"a long narrow piece of paper, metal, cloth, etc."
strive,to try very hard to achieve something
stroke,"an act of hitting a ball, for example with a bat or racket"
strong,"having a lot of physical power so that you can lift heavy weights, do hard physical work, etc."
strongly,in a way that shows definite and serious opinions or beliefs
structural,connected with the way in which something is built or organized
structure,"the way in which the parts of something are connected together, arranged or organized; a particular arrangement of parts"
struggle,"a hard fight in which people try to obtain or achieve something, especially something that somebody else does not want them to have"
student,a person who is studying at a university or college
studio,"a room where radio or television programmes are recorded and broadcast from, or where music is recorded"
study,"the activity of learning or gaining knowledge, either from books or by examining things in the world"
stuff,"used to refer to a substance, material, group of objects, etc. when you do not know the name, when the name is not important or when it is obvious what you are talking about"
stumble,to hit your foot against something while you are walking or running and almost fall
stun,"to make a person or an animal unconscious for a short time, especially by hitting them on the head"
stunning,extremely attractive or impressive
stupid,showing a lack of thought or good judgement
style,the particular way in which something is done
subject,"likely to be affected by something, especially something bad"
submission,the act of accepting that somebody has defeated you and that you must obey them
submit,"to give a document, proposal, etc. to somebody in authority so that they can study or consider it"
subscriber,"a person who pays money, usually once a year, to receive regular copies of a magazine or newspaper or have access to it online"
subscription,"an amount of money that you pay regularly to receive a service, be a member of a club, support a charity or receive regular copies of a newspaper or magazine; the act of paying this money"
subsequent,happening or coming after something else
subsequently,afterwards; later; after something else has happened
subsidy,money that is paid by a government or an organization to reduce the costs of services or of producing goods so that their prices can be kept low
substance,"a type of solid, liquid or gas that has particular qualities"
substantial,"large in amount, value or importance"
substantially,very much; a lot
substitute,a person or thing that you use or have instead of the one you normally use or have
substitution,an act of using one person or thing in the place of another
subtle,not very obvious or easy to notice
suburb,an area where people live that is outside the centre of a city
suburban,in or connected with a suburb
succeed,to achieve something that you have been trying to do or get; to have the result or effect that was intended
success,the fact that you have achieved something that you want and have been trying to do or get
successful,achieving your aims or what was intended
successfully,in a way that achieves your aims or what was intended
succession,a number of people or things that follow each other in time or order
successive,following immediately one after the other
successor,a person or thing that comes after somebody/something else and takes their/its place
such,used to emphasize the great degree of something
suck,"to take liquid, air, etc. into your mouth by using the muscles of your lips"
sudden,happening or done quickly and unexpectedly
suddenly,quickly and unexpectedly
sue,to make a claim against a person or an organization in court about something that they have said or done to harm you
suffer,"to be badly affected by a disease, pain, sad feelings, a lack of something, etc."
suffering,physical or mental pain
sufficient,enough for a particular purpose; as much as you need
sufficiently,enough for a particular purpose; as much as you need
sugar,"a sweet substance, often in the form of white or brown crystals, made from the juices of various plants, used in cooking or to make tea, coffee, etc. sweeter"
suggest,to put forward an idea or a plan for other people to think about
suggestion,an idea or a plan that you mention for somebody else to think about
suicide,the act of killing yourself deliberately
suit,"a set of clothes made of the same cloth, including a jacket and trousers or a skirt"
suitable,right or appropriate for a particular purpose or occasion
suite,"a set of rooms, especially in a hotel"
sum,an amount of money
summarize,to give a summary of something
summary,"a short statement that gives only the main points of something, not the details"
summer,"the warmest season of the year, coming between spring and autumn"
summit,"the highest point of something, especially the top of a mountain"
sun,the star that shines in the sky during the day and gives the earth heat and light
Sunday,"the day of the week after Saturday and before Monday, thought of as either the first or the last day of the week"
super,extremely good
superb,excellent; of very good quality
superior,better in quality than somebody/something else; greater than somebody/something else
supermarket,"a large shop that sells food, drinks and goods used in the home. People choose what they want from the shelves and pay for it as they leave."
supervise,"to be in charge of somebody/something and make sure that everything is done correctly, safely, etc."
supervision,"the work or activity involved in being in charge of somebody/something and making sure that everything is done correctly, safely, etc."
supervisor,a person who supervises somebody/something
supplement,a thing that is added to something else to improve or complete it
supply,an amount of something that is provided or available to be used
support,approval that you give to somebody/something because you want them to be successful
supporter,"a person who supports a political party, an idea, etc."
supportive,encouraging somebody or giving them help or sympathy
suppose,to think or believe that something is true or possible (based on the knowledge that you have)
supposedly,according to what is generally thought or believed but not known for certain
suppress,"to put an end, often by force, to a group or an activity that is believed to threaten authority"
supreme,highest in rank or position
sure,confident that you know something or that you are right
surely,used to show that you are almost certain of what you are saying and want other people to agree with you
surface,the outside or top layer of something
surge,a sudden increase of a strong feeling
surgeon,a doctor who is trained to perform surgery (= medical operations that involve cutting open a person’s body)
surgery,medical treatment of injuries or diseases that involves cutting open a person’s body and often removing or replacing some parts; the branch of medicine connected with this treatment
surgical,used in or connected with surgery
surplus,an amount that is extra or more than you need
surprise,"an event, a piece of news, etc. that is unexpected or that happens suddenly"
surprised,feeling or showing surprise
surprising,causing surprise
surrender,"to admit that you have been defeated and want to stop fighting; to allow yourself to be caught, taken prisoner, etc."
surround,to be all around something/somebody
surrounding,that is near or around something
surveillance,the act of carefully watching a person suspected of a crime or a place where a crime may be committed
survey,"an investigation of the opinions, behaviour, etc. of a particular group of people, which is usually done by asking them questions"
survival,"the state of continuing to live or exist, often despite difficulty or danger"
survive,to continue to live or exist
survivor,"a person who continues to live, especially despite being nearly killed or experiencing great danger or difficulty"
suspect,a person who is suspected of a crime or of having done something wrong
suspend,to hang something from something else
suspension,"the act of officially removing somebody from their job, school, team, etc. for a period of time, usually as a punishment"
suspicion,"a feeling that somebody has done something wrong, illegal or dishonest, even though you have no proof"
suspicious,"feeling that somebody has done something wrong, illegal or dishonest, without having any proof"
sustain,to provide enough of what somebody/something needs in order to live or exist
sustainable,involving the use of natural products and energy in a way that does not harm the environment
swallow,"to make food, drink, etc. go down your throat into your stomach"
swear,"to use rude or offensive language, usually because you are angry"
sweater,"a piece of clothing for the upper part of the body, made of wool or cotton, with long sleeves"
sweep,"to clean a room, surface, etc. using a broom (= a type of brush on a long handle)"
sweet,"containing, or tasting as if it contains, a lot of sugar"
swim,a period of time during which you swim
swimming,the sport or activity of swimming
swing,a swinging movement or rhythm
switch,a small device that you press or move up and down in order to turn a light or piece of electrical equipment on and off
sword,a weapon with a long metal blade (= sharp cutting part) and a handle
symbol,"a person, an object, an event, etc. that represents a more general quality or situation"
symbolic,"containing symbols, or being used as a symbol"
sympathetic,kind to somebody who is hurt or sad; showing that you understand and care about their problems
sympathy,the feeling of being sorry for somebody; showing that you understand and care about somebody’s problems
symptom,a change in your body or mind that shows that you are not healthy
syndrome,a set of physical conditions that show you have a particular disease or medical problem
synthesis,"the act of combining separate ideas, beliefs, styles, etc.; a mixture or combination of ideas, beliefs, styles, etc."
system,an organized set of ideas or theories or a particular way of doing something
systematic,"done according to a system or plan, in a complete, efficient or determined way"
T-shirt,"an informal shirt, usually with short sleeves (= arms) no collar or buttons, or just a few buttons at the top"
table,a piece of furniture that consists of a flat top supported by legs
tablet,"a small computer that is easy to carry, with a large touch screen and usually without a physical keyboard"
tackle,"an act of trying to take the ball from an opponent in football (soccer), hockey, etc.; an act of knocking somebody to the ground, for example in rugby or American football"
tactic,the particular method you use to achieve something
tactical,connected with the particular method you use to achieve something
tag,"a small piece of paper, cloth, plastic, etc. attached to something to identify it or give information about it"
tail,"the part that sticks out at the back of the body of a bird, an animal or a fish, which the animal can move from side to side or up and down"
take,to carry or move something from one place to another
tale,"a story created using the imagination, especially one that is full of action and adventure"
talent,a natural ability to do something well
talented,having a natural ability to do something well
talk,a speech or lecture on a particular subject
tall,having a greater than average height
tank,a large container for holding liquid or gas
tap,a device for controlling the flow of water from a pipe into a bath or sink
tape,"a long, narrow piece of material with a sticky substance on one side that is used for sticking things together"
target,a result that you try to achieve
task,"a piece of work that somebody has to do, especially a hard or unpleasant one"
taste,the particular quality that different foods and drinks have that allows you to recognize them when you put them in your mouth
tax,money that you have to pay to the government so that it can pay for public services. People pay tax according to their income and businesses pay tax according to their profits. Tax is also often paid on goods and services.
taxi,a car with a driver that you pay to take you somewhere. Taxis usually have meters that show how much money you have to pay.
taxpayer,"a person who pays tax to the government, especially on the money that they earn"
tea,the dried leaves (called tea leaves) of the tea bush
teach,"to give lessons to students in a school, college, university, etc.; to help somebody learn something by giving information about it"
teacher,"a person whose job is teaching, especially in a school"
teaching,the work of a teacher
team,a group of people who play a particular game or sport against another group of people
tear,a hole that has been made in something by tearing
technical,"connected with the practical use of machines, methods, etc. in science and industry"
technique,"a particular way of doing something, especially one in which you have to learn special skills"
technological,connected with technology
technology,"scientific knowledge used in practical ways in industry, for example in designing new machines"
teenage,between 13 and 19 years old; connected with people of this age
teenager,a person who is between 13 and 19 years old
teens,the years of a person’s life when they are between 13 and 19 years old
telephone,"a system for talking to somebody else over long distances, using wires or radio; a machine used for this"
television,a piece of electrical equipment with a screen on which you can watch programmes with moving pictures and sounds
tell,to give information to somebody by speaking or writing
temperature,the measurement in degrees of how hot or cold a thing or place is
temple,"a building used for religious worship, especially in religions other than Christianity"
temporarily,in a way that lasts or is intended to last or be used only for a short time; in a way that is not permanent
temporary,lasting or intended to last or be used only for a short time; not permanent
tempt,"to attract somebody or make somebody want to do or have something, even if they know it is wrong"
tenant,"a person who pays rent for the use of a room, building, land, etc. to the person who owns it"
tend,to be likely to do something or to happen in a particular way because this is what often or usually happens
tendency,"if somebody/something has a particular tendency, they are likely to behave or act in a particular way"
ten,10
tender,"kind, gentle and loving"
tennis,a game in which two or four players use rackets to hit a ball backwards and forwards across a net on a specially marked court
tension,"a situation in which people do not trust each other, or feel unfriendly towards each other, and that may cause them to attack each other"
tent,"a shelter made of a large sheet of canvas, nylon, etc. that is supported by poles and ropes fixed to the ground, and is used especially for camping"
tenure,"the period of time when somebody holds an important job, especially a political one; the act of holding an important job"
term,"a word or phrase used as the name of something, especially one connected with a particular type of language"
terminal,"that cannot be cured and will lead to death, often slowly"
terminate,to end; to make something end
terms,"the conditions that people offer, demand or accept when they make an agreement, an arrangement or a contract"
terrain,"used to refer to an area of land when you are mentioning its natural features, for example, if it is rough, flat, etc."
terrible,"very unpleasant; making you feel very unhappy, upset or frightened"
terrific,excellent; wonderful
terrify,to make somebody feel extremely frightened
territory,land that is under the control of a particular country or political leader
terror,a feeling of extreme fear
terrorism,the use of violent action in order to achieve political aims or to force a government to act
terrorist,a person who takes part in terrorism
test,"an examination of somebody’s knowledge or ability, consisting of questions for them to answer or activities for them to perform"
testify,"to make a statement that something happened or that something is true, especially as a witness in court"
testimony,a thing that shows that something else exists or is true
testing,"the activity of testing somebody/something in order to find something out, see if it works, etc."
text,any form of written material
textbook,a book that teaches a particular subject and that is used especially in schools and colleges
texture,"the way a surface, substance or piece of cloth feels when you touch it, for example how rough, smooth, hard or soft it is"
than,used to introduce the second part of a comparison
thank,to tell somebody that you are grateful for something
thankfully,used to show that you are pleased that something good has happened or that something bad has been avoided
thanks,used to show that you are grateful to somebody for something they have done
that,to such a degree; so
the,used to refer to somebody/something that has already been mentioned or is easily understood
theatre,a building or an outdoor area where plays and similar types of entertainment are performed
theatrical,connected with the theatre
theft,the crime of stealing something from a person or place
their,"of or belonging to people, animals or things that have already been mentioned or are easily identified"
theirs,of or belonging to them
them,"used when referring to people, animals or things as the object of a verb or preposition, or after the verb be"
theme,"the subject or main idea in a talk, piece of writing or work of art"
themselves,used when people or animals performing an action are also affected by it
then,used to refer to a particular time in the past or future
theology,the study of religion and beliefs
theoretical,"connected with the ideas and principles on which a particular subject is based, rather than with practice and experiment"
theory,a formal set of ideas that is intended to explain why something happens or exists
therapist,"a specialist who treats a particular type of illness or problem, or who uses a particular type of treatment"
therapy,the treatment of a physical problem or an illness
there,used to show that something exists or happens
thereafter,after the time or event mentioned
thereby,used to introduce the result of the action or situation mentioned
therefore,used to introduce the logical result of something that has just been mentioned
thesis,"a long piece of writing completed by a student as part of a university degree, based on their own research"
they,"people, animals or things that have already been mentioned or are easily identified"
thick,having a larger distance between opposite sides or surfaces than other similar objects or than normal
thief,a person who steals something from another person or place
thin,having a smaller distance between opposite sides or surfaces than other similar objects or than normal
thing,"an object whose name you do not use because you do not need to or want to, or because you do not know it"
think,to have a particular idea or opinion about something/somebody; to believe something
thinking,the process of thinking about something
third,each of three equal parts of something
thirsty,needing or wanting to drink
this,to this degree; so
thorough,done completely; with great attention to detail
thoroughly,very much; completely
though,used especially at the end of a sentence or clause to add a fact or an opinion that makes the previous statement less strong or less important
thought,something that you think of or remember
thought-provoking,making people think seriously about a particular subject or issue
thoughtful,"quiet, because you are thinking"
thousand,1 000
thread,"a thin string of cotton, wool, silk, etc. used for sewing or making cloth"
threat,"a statement in which you tell somebody that you will punish or harm them, especially if they do not do what you want"
threaten,"to say that you will cause trouble, hurt somebody, etc. if you do not get what you want"
threshold,"the floor or ground at the bottom of a doorway, considered as the entrance to a building or room"
three,3
thrilled,very excited and pleased
thrive,"to become, and continue to be, successful, strong, healthy, etc."
throat,a passage in the neck through which food and air pass on their way into the body; the front part of the neck
through,from one end or side of something to the other
throughout,in or into every part of something
throw,to send something from your hand through the air by moving your hand or arm quickly
thumb,"the short, thick finger at the side of the hand, slightly apart from the other four"
Thursday,the day of the week after Wednesday and before Friday
thus,in this way; like this
ticket,"a printed piece of paper, or a message or image received on your phone or computer, that gives you the right to travel on a particular bus, train, etc. or to go into a theatre, etc."
tide,"a regular rise and fall in the level of the sea, caused by the pull of the moon and sun; the flow of water that happens as the sea rises and falls"
tidy,arranged neatly and with everything in order
tie,"a long, narrow piece of cloth worn around the neck, especially by men, with a knot in front"
tight,"held or fixed in position securely; difficult to move, open or separate"
tighten,"to hold or fix something more securely in position; to make something or become more difficult to move, open or separate"
timber,trees that are grown to be used in building or for making things
time,"what is measured in minutes, hours, days, etc."
timely,happening at exactly the right time
timing,the act of choosing when something happens; a particular point or period of time when something happens or is planned
tin,a metal container in which food is sold; the contents of one of these containers
tiny,very small in size or amount
tip,a small piece of advice about something practical
tired,feeling that you would like to sleep or rest; needing rest
tissue,"a piece of soft paper, used especially as a handkerchief"
title,"the name of a book, poem, painting, piece of music, etc."
to,used to show purpose or intention
tobacco,"the dried leaves of the tobacco plant that are used for making cigarettes, smoking in a pipe, etc."
today,on this day
toe,one of the five small parts that stick out from the foot; any similar part on the foot of an animal or bird
together,with or near to somebody/something else; with each other
toilet,a large bowl attached to a pipe that you sit on or stand over when you get rid of waste matter from your body
tolerance,"the quality of being willing to accept or tolerate somebody/something, especially opinions or behaviour that you may not agree with, or people who are not like you"
tolerate,to allow somebody to do something that you do not agree with or like
toll,money that you pay to use a particular road or bridge
tomato,a soft fruit with a lot of juice and shiny red skin that is eaten as a vegetable either raw or cooked
tomorrow,on or during the day after today
ton,"a unit for measuring weight, in the UK 2 240 pounds (long ton) and in the US 2 000 pounds (short ton)"
tone,"the quality of somebody’s voice, especially expressing a particular emotion"
tongue,"the soft part in the mouth that moves around, used for tasting, swallowing, speaking, etc."
tonight,on or during the evening or night of today
tonne,"a unit for measuring weight, equal to 1 000 kilograms"
too,"used before adjectives and adverbs to say that something is more than is good, necessary, possible, etc."
tool,"an instrument such as a hammer, screwdriver, saw, etc. that you hold in your hand and use for making things, repairing things, etc."
tooth,any of the hard white structures in the mouth used for biting food
top,highest in position
topic,"a subject that you talk, write or learn about"
torture,the act of causing somebody severe pain in order to punish them or make them say or do something
toss,to throw something lightly or carelessly
total,being the amount or number after everyone or everything is counted or added together
totally,completely
touch,the sense that enables you to be aware of things and what they are like when you put your hands and fingers on them
tough,having or causing problems or difficulties
tour,"a journey made for pleasure during which several different towns, countries, etc. are visited"
tourism,"the business activity connected with providing accommodation, services and entertainment for people who are visiting a place for pleasure"
tourist,a person who is travelling or visiting a place for pleasure
tournament,a sports competition involving a number of teams or players who take part in different games and must leave the competition if they lose. The competition continues until there is only the winner left.
towards,in the direction of somebody/something
towel,"a piece of cloth or paper used for drying things, especially your body"
tower,"a tall narrow building or part of a building, especially of a church or castle"
town,"a place with many houses, shops, etc. where people live and work. It is larger than a village but smaller than a city."
toxic,containing poison; poisonous
toy,made as a copy of a particular thing and used for playing with
trace,"a mark, an object or a sign that shows that somebody/something existed or was present"
track,rails (= metal bars) that a train moves along
trade,the activity of buying and selling or of exchanging goods or services between people or countries
trademark,"a name, symbol or design that a company uses for its products and that cannot be used by anyone else"
trading,the activity of buying and selling things
tradition,"a belief, custom or way of doing something that has existed for a long time among a particular group of people; a set of these beliefs or customs"
traditional,"being part of the beliefs, customs or way of life of a particular group of people, that have not changed for a long time"
traffic,the vehicles that are on a road at a particular time
tragedy,"a very sad event or situation, especially one that involves death"
tragic,"making you feel very sad, usually because somebody has died or suffered a lot"
trail,a long line or series of marks that is left by somebody/something
trailer,"a truck, or a container with wheels, that is pulled by another vehicle"
train,"a number of connected coaches or trucks, pulled by an engine or powered by a motor in each one, taking people and goods from one place to another"
trainer,a shoe that you wear for sports or as informal clothing
training,the process of learning the skills that you need to do a job
trait,a particular quality in your personality
transaction,"a piece of business that is done between people, especially an act of buying or selling"
transcript,a written or printed copy of words that have been spoken
transfer,"the act of moving somebody/something from one place, group or job to another; an occasion when this happens"
transform,to change the form of something; to change in form
transformation,a complete change in somebody/something
transit,the process of being moved or carried from one place to another
transition,the process or a period of changing from one state or condition to another
translate,to express the meaning of speech or writing in a different language
translation,the process of changing something that is written or spoken into another language
transmission,"the act or process of passing something from one person, place or thing to another"
transmit,"to send an electronic signal, radio or television broadcast, etc."
transparency,"the quality of something, such as a situation or an argument, that makes it easy to understand"
transparent,allowing you to see through it
transport,"a system for carrying people or goods from one place to another using vehicles, roads, etc."
transportation,"a system for carrying people or goods from one place to another using vehicles, roads, etc."
trap,a piece of equipment for catching animals
trauma,"a mental condition caused by severe shock, stress or fear, especially when the harmful effects last for a long time"
travel,the act or activity of travelling
traveller,a person who is travelling or who often travels
treasure,"a collection of valuable things such as gold, silver and jewellery"
treat,to behave in a particular way towards somebody/something
treatment,"something that is done to cure an illness or injury, or to make somebody look and feel good"
treaty,a formal agreement between two or more countries
tree,"a tall plant that can live a long time. Trees have a thick central wooden trunk from which branches grow, usually with leaves on them"
tremendous,very great
trend,a general direction in which a situation is changing or developing
trial,"a formal examination of evidence in court by a judge and often a jury, to decide if somebody accused of a crime is guilty or not"
tribal,connected with a tribe or tribes
tribe,"a social group in a traditional society consisting of people with the same language, culture, religion, etc., living in a particular area and often having one leader known as a chief"
tribunal,a type of court with the authority to deal with a particular problem or disagreement
tribute,"an act, a statement or a gift that is intended to show your love or respect, especially for a dead person"
trick,"something that you do to make somebody believe something that is not true, or to annoy somebody as a joke"
trigger,the part of a gun that you press in order to fire it
trio,a group of three people or things
trip,"a journey to a place and back again, especially a short one for pleasure or a particular purpose"
triumph,"a great success, achievement or victory"
troop,"soldiers, especially in large groups"
trophy,an object such as a silver cup that is given as a prize for winning a competition
tropical,"coming from, found in or typical of the tropics"
trouble,"a problem, worry, difficulty, etc. or a situation causing this"
troubled,worried and anxious
trousers,a piece of clothing that covers the lower body and is divided into two parts to cover each leg separately
truck,a large vehicle for carrying heavy loads by road
true,connected with facts rather than things that have been invented or guessed
truly,"used to emphasize that a particular statement, feeling, etc. is sincere or real"
trust,"the belief that somebody/something is good, sincere, honest, etc. and will not try to harm or trick you"
trustee,a person or an organization that has control of money or property that has been put into a trust for somebody
truth,"the true facts about something, rather than the things that have been invented or guessed"
try,an act of trying to do something
tsunami,"an extremely large wave in the sea caused, for example, by an earthquake"
tube,"a long, hollow pipe made of metal, plastic, rubber, etc., through which liquids or gases move from one place to another"
Tuesday,the day of the week after Monday and before Wednesday
tuition,"the act of teaching something, especially to one person or to people in small groups"
tune,a series of musical notes that are sung or played in a particular order to form a piece of music
tunnel,"a passage built underground, for example to allow a road or railway to go through a hill, under a river, etc."
turn,the time when somebody in a group of people should or is allowed to do something
turnout,the number of people who attend a particular event
turnover,the total amount of goods or services sold by a company during a particular period of time
TV,television
twelve,12
twice,two times; on two occasions
twin,used to describe one of a pair of children who are twins
two,2
twist,"the action of turning something with your hand, or of turning a part of your body"
type,a class or group of people or things that share particular qualities or features and are part of a larger group; a kind or sort
typical,"having the usual qualities or features of a particular type of person, thing or group"
typically,used to say that something usually happens in the way that you are stating
tyre,"a thick rubber ring that fits around the edge of a wheel of a car, bicycle, etc."
ugly,unpleasant to look at
ultimate,happening at the end of a long process
ultimately,in the end; finally
umbrella,"an object with a round folding frame of long, straight pieces of metal covered with material, that you use to protect yourself from the rain or from hot sun"
unable,"not having the skill, strength, time, knowledge, etc. to do something"
unacceptable,so bad that you think it should not be allowed
uncertainty,the state of being uncertain
uncle,the brother of your mother or father; the husband of your aunt or uncle
uncomfortable,"not letting you feel physically comfortable; unpleasant to wear, sit on, etc."
unconscious,"in a state like sleep because of an injury or illness, and not able to use your senses"
under,below something
undergo,"to experience something, especially a change or something unpleasant"
undergraduate,a university or college student who is studying for their first degree
underground,under the surface of the ground
underlying,important in a situation but not always easily noticed or stated clearly
undermine,"to make something, especially somebody’s confidence or authority, gradually weaker or less effective"
understand,"to know or realize the meaning of words, a language, what somebody says, etc."
understanding,the knowledge that somebody has about a particular subject or situation
undertake,to make yourself responsible for something and start doing it
underwear,clothes that you wear under other clothes and next to the skin
undoubtedly,used to emphasize that something exists or is definitely true
unemployed,without a job although able to work
unemployment,the fact of a number of people not having a job; the number of people without a job
unexpected,"if something is unexpected, it surprises you because you were not expecting it"
unfair,not right or fair according to a set of rules or principles; not treating people equally
unfold,to spread open or flat something that has previously been folded; to become open and flat
unfortunate,having bad luck; caused by bad luck
unfortunately,"used to say that a particular situation or fact makes you sad or disappointed, or gets you into a difficult position"
unhappy,not happy; sad
uniform,"the special set of clothes worn by all members of an organization or a group at work, or by children at school"
unify,"to join people, things, parts of a country, etc. together so that they form a single unit"
union,"an organization of workers, usually in a particular industry, that exists to protect their interests, improve conditions of work, etc."
unique,being the only one of its kind
unit,"a single thing, person or group that is complete by itself but can also form part of something larger"
unite,to join together with other people in order to do something as a group
united,joined together as a political unit or by shared aims
unity,the state of being in agreement and working together; the state of being joined together to form one unit
universal,done by or involving all the people in the world or in a particular group
universe,"the whole of space and everything in it, including the earth, the planets and the stars"
university,an institution at the highest level of education where you can study for a degree or do research
unknown,not known or identified
unless,used to say that something can only happen or be true in a particular situation
unlike,different from a particular person or thing
unlikely,not likely to happen; not probable
unnecessary,not needed; more than is needed
unpleasant,not pleasant or comfortable
unprecedented,"that has never happened, been done or been known before"
until,up to the point in time or the event mentioned
unusual,different from what is usual or normal
unveil,"to remove a cover or curtain from a painting, statue, etc. so that it can be seen in public for the first time"
up,towards or in a higher position
upcoming,going to happen soon
update,a report or broadcast that gives the most recent information about something; a new version of something containing the most recent information
upgrade,"the act of making a machine, computer system, etc. more powerful and efficient; the more powerful and efficient machine, computer system, etc."
uphold,to support something that you think is right and make sure that it continues to exist
upper,"located above something else, especially something of the same type or the other of a pair"
upset,unhappy or disappointed because of something unpleasant that has happened
upstairs,on a floor of a house or other building that is higher than the one that you are on
upwards,towards a higher place or position
urban,connected with a town or city
urge,to advise or try hard to persuade somebody to do something
urgent,that needs to be dealt with or happen immediately
us,"used when the speaker or writer and another or others are the object of a verb or preposition, or after the verb be"
usage,the way in which words are used in a language
use,the act of using something; the state of being used
used,familiar with something because you do it or experience it often
useful,that can help you to do or achieve what you want
useless,not useful; not doing or achieving what is needed or wanted
user,a person or thing that uses something
usual,that happens or is done most of the time or in most cases
usually,in the way that is usual or normal; most often
utility,"a service provided for the public, for example an electricity, water or gas supply"
utilize,"to use something, especially for a practical purpose"
utterly,completely
vacation,a period of time spent travelling or resting away from home
vacuum,"a space that is completely empty of all substances, including all air or other gas"
vague,not clear in a person’s mind
valid,that is legally or officially acceptable
validity,the state of being legally or officially acceptable
valley,"an area of low land between hills or mountains, often with a river flowing through it; the land that a river flows through"
valuable,worth a lot of money
value,how much something is worth in money or other goods for which it can be exchanged
van,"a covered vehicle with no side windows in its back half, usually smaller than a lorry, used for carrying goods or people"
vanish,to disappear suddenly and/or in a way that you cannot explain
variable,often changing; likely to change
variation,"a change, especially in the amount or level of something"
varied,of many different types
variety,several different sorts of the same thing
various,several different
vary,"to be different from each other in size, shape, etc."
vast,"extremely large in area, size, amount, etc."
vegetable,"a plant or part of a plant that is eaten as food. Potatoes, beans and onions are all vegetables."
vehicle,"a thing that is used for transporting people or goods from one place to another, such as a car or lorry"
vein,any of the tubes that carry blood from all parts of the body towards the heart
venture,"a business project or activity, especially one that involves taking risks"
venue,"a place where people meet for an organized event, for example a concert, sporting event or conference"
verbal,relating to words
verdict,an official judgement made in court or at an inquest (= an official investigation into somebody's death)
verify,to check that something is true or accurate
verse,"writing that is arranged in lines, often with a regular rhythm or pattern of rhyme"
version,a form of something that is slightly different from an earlier form or from other forms of the same thing
versus,used to show that two teams or sides are against each other
vertical,"going straight up or down from a level surface or from top to bottom in a picture, etc."
very,used to emphasize that you are talking about a particular thing or person and not about another
vessel,"a tube that carries blood through the body of a person or an animal, or liquid through the parts of a plant"
veteran,a person who has a lot of experience in a particular area or activity
via,through a place
viable,that can be done; that will be successful
vibrant,full of life and energy
vice,criminal activities that involve sex or drugs
vicious,violent and cruel
victim,"a person who has been attacked, injured or killed as the result of a crime, a disease, an accident, etc."
victory,"success in a game, an election, a war, etc."
video,"a system of recording moving pictures and sound, either using a digital method of storing data or (in the past) using videotape"
view,"what you can see from a particular place or position, especially beautiful countryside"
viewer,a person watching television or a video on the internet
viewpoint,a way of thinking about a subject
village,a very small town located in a country area
villager,a person who lives in a village
violate,"to go against or refuse to obey a law, an agreement, etc."
violation,"the act of going against or refusing to obey a law, an agreement, etc."
violence,violent behaviour that is intended to hurt or kill somebody
violent,involving or caused by physical force that is intended to hurt or kill somebody
virtual,"made to appear to exist by the use of computer software, for example on the internet"
virtue,behaviour or attitudes that show high moral standards
virus,"a living thing, too small to be seen without a microscope, that causes disease in people, animals and plants"
visa,"a stamp or mark put in your passport by officials of a foreign country that gives you permission to enter, pass through or leave their country"
visible,that can be seen
vision,the ability to see; the area that you can see from a particular position
visit,an occasion or a period of time when somebody goes to see a place or person and spends time there
visitor,a person who visits a person or place
visual,of or connected with seeing or sight
vital,necessary or essential in order for something to succeed or exist
vitamin,a natural substance found in food that is an essential part of what humans and animals need to help them grow and stay healthy. There are many different vitamins.
vocal,connected with the voice
voice,the sound or sounds produced through the mouth by a person speaking or singing
volume,the amount of space that an object or a substance fills; the amount of space that a container has
voluntary,"done willingly, not because you are forced"
volunteer,a person who does a job without being paid for it
vote,a formal choice that you make in an election or at a meeting in order to choose somebody or decide something
voting,the action of choosing somebody/something in an election or at a meeting
vow,to make a formal and serious promise to do something or a formal statement that is true
vulnerability,the fact of being weak and easily hurt physically or emotionally
vulnerable,weak and easily hurt physically or emotionally
wage,"a regular amount of money that you earn, usually every week or every month, for work or services"
wait,an act of waiting; an amount of time waited
waiter,"a man whose job is to serve customers at their tables in a restaurant, etc."
wake,to stop sleeping; to make somebody stop sleeping
walk,"a journey on foot, usually for pleasure or exercise"
wall,"a long, solid structure that rises straight up from the ground, made of stone, brick or concrete, that surrounds, divides or protects an area of land"
wander,"to walk slowly around or to a place, often without any particular sense of purpose or direction"
want,to have a desire or a wish for something/somebody
war,a situation in which two or more countries or groups of people fight against each other over a period of time
ward,a separate room or area in a hospital for people with the same type of medical condition
warehouse,"a building where large quantities of goods are stored, especially before they are sent to shops to be sold"
warfare,"the activity of fighting a war, especially using particular weapons or methods"
warm,"at a fairly high temperature in a way that is pleasant, rather than being hot or cold"
warming,"the process of making something, or of becoming, warm or warmer"
warn,"to tell somebody about something, especially something dangerous or unpleasant that is likely to happen, so that they can avoid it"
warning,"a statement, an event, etc. telling somebody that something bad or unpleasant may happen in the future so that they can try to avoid it"
warrant,a legal document that is signed by a judge and gives the police authority to do something
warrior,(especially in the past) a person who fights in a battle or war
wash,an act of cleaning somebody/something using water and usually soap
washing,the act of cleaning something using water and usually soap
waste,no longer needed for a particular process and therefore thrown away
watch,"a type of small clock that you wear on your wrist, or (in the past) carried in your pocket"
water,"a liquid without colour, smell or taste that falls as rain, is in lakes, rivers and seas, and is used for drinking, washing, etc."
wave,"a raised line of water that moves across the surface of the sea, ocean, etc."
way,very far; by a large amount
we,I and another person or other people; I and you
weak,not physically strong
weaken,to make somebody/something less strong or powerful; to become less strong or powerful
weakness,lack of physical strength
wealth,"a large amount of money, property, etc. that a person or country owns"
wealthy,"having a lot of money, possessions, etc."
weapon,"an object such as a knife, gun, bomb, etc. that is used for fighting or attacking somebody"
wear,"to have something on your body as a piece of clothing, a decoration, etc."
weather,"the condition of the atmosphere at a particular place and time, such as the temperature, and if there is wind, rain, sun, etc."
weave,"to make cloth, a carpet, a basket, etc. by crossing threads or narrow pieces of material across, over and under each other by hand or on a machine called a loom"
web,"a system for finding information on the internet, in which documents are connected to other documents"
website,"a set of pages on the internet, where a company or an organization, or an individual person, puts information"
wedding,"a marriage ceremony, and the meal or party that usually follows it"
Wednesday,the day of the week after Tuesday and before Thursday
weed,"a wild plant growing where it is not wanted, especially among crops or garden plants"
week,"a period of seven days, either from Monday to Sunday or from Sunday to Saturday"
weekend,Saturday and Sunday
weekly,"happening, done or published once a week or every week"
weigh,to have a particular weight
weight,"how heavy somebody/something is, which can be measured in, for example, kilograms or pounds"
weird,very strange or unusual and difficult to explain
welcome,accepted or wanted somewhere
welfare,"the general health, happiness and safety of a person, an animal or a group"
well,in good health
well-being,general health and happiness
west,in or towards the west
western,located in the west or facing west
wet,"covered with or containing liquid, especially water"
what,used in questions to ask for particular information about somebody/something
whatever,not at all; not of any kind
whatsoever,not at all; not of any kind
wheat,"a plant grown for its grain that is used to produce the flour for bread, cakes, pasta, etc.; the grain of this plant"
wheel,"one of the round objects under a car, bicycle, bus, etc. that turns when it moves"
when,at what time; on what occasion
whenever,at any time that; on any occasion that
where,in or to what place or situation
whereas,used to compare or contrast two facts
whereby,by which; because of which
wherever,in any place
whether,used to express a doubt or choice between two possibilities
which,used in questions to ask somebody to be exact about one or more people or things from a limited number
while,during the time that something is happening; at the same time as something else is happening
whilst,during the time that something is happening; at the same time as something else is happening
whip,"to hit a person or an animal hard with a whip, as a punishment or to make them go faster or work harder"
whisper,"a low, quiet voice or the sound it makes"
white,having the colour of fresh snow or of milk
who,"used in questions to ask about the name, identity or function of one or more people"
whoever,the person or people who; any person who
whole,full; complete
wholly,completely
whom,used instead of ‘who’ as the object of a verb or preposition
whose,used in questions to ask who something belongs to
why,used in questions to ask the reason for or purpose of something
wide,measuring a large distance from one side to the other
widely,by a lot of people; in or to many places
widen,to become wider; to make something wider
widespread,existing or happening over a large area or among many people
widow,a woman whose husband or wife has died and who has not married again
width,the measurement from one side of something to the other; how wide something is
wife,the woman that somebody is married to; a married woman
wild,living or growing in natural conditions; not kept in a house or on a farm
wildlife,"animals, birds, insects, etc. that are wild and live in a natural environment"
will,the ability to control your thoughts and actions in order to achieve what you want to do; a strong and determined desire to do something that you want to do
willing,not objecting to doing something; having no reason for not doing something
willingness,the quality of being happy and ready to do something
win,"a victory in a game, contest, etc."
wind,to have many bends and twists
window,"an opening in the wall or roof of a building, car, etc., usually covered with glass, that allows light and air to come in and people to see out; the glass in a window"
wine,an alcoholic drink made from the juice of grapes that has been left to ferment. There are many different kinds of wine.
wing,"one of the parts of the body of a bird, insect or bat that it uses for flying"
winner,"a person, a team, an animal, etc. that wins something"
winter,"the coldest season of the year, between autumn and spring"
wipe,"to rub something against a surface, in order to remove dirt or liquid from it; to rub a surface with a cloth, etc. in order to clean it"
wire,metal in the form of thin thread; a piece of this
wisdom,the ability to make sensible decisions and give good advice because of the experience and knowledge that you have
wise,able to make sensible decisions and give good advice because of the experience and knowledge that you have
wish,"used especially in a letter, email or card to say that you hope that somebody will be happy, well or successful"
wit,the ability to say or write things that are both clever and humorous
with,in the company or presence of somebody/something
withdraw,to take money out of a bank account
withdrawal,the act of taking an amount of money out of your bank account
within,before a particular period of time has passed; during a particular period of time
without,"not having, experiencing or showing something"
witness,a person who sees something happen and is able to describe it to other people
woman,an adult female human
wonder,"a feeling of surprise and pleasure that you have when you see or experience something beautiful, unusual or unexpected"
wonderful,"very good, pleasant or a lot of fun"
wood,"the hard material that the trunk and branches of a tree are made of; this material when it is used to build or make things with, or as a fuel"
wooden,made of wood
wool,the soft hair that covers the body of sheep and some other animals
word,a single unit of language that means something and can be spoken or written
work,the job that a person does especially in order to earn money
worker,"a person who works, especially one who does a particular kind of work"
workforce,"all the people who work for a particular company, organization, etc."
working,having a job for which you are paid
workout,a period of physical exercise that you do to keep fit
workplace,"the office, factory, etc. where people work"
workshop,"a period of discussion and practical work on a particular subject, in which a group of people share their knowledge and experience"
world,"the earth, with all its countries, peoples and natural features"
worldwide,affecting all parts of the world
worm,"a long, thin creature with a soft body and no bones or legs"
worried,thinking about unpleasant things that have happened or that might happen and therefore feeling unhappy and afraid
worry,the state of worrying about something
worse,of poorer quality or lower standard; more unpleasant
worship,"the practice of showing respect for God or a god, by saying prayers, singing with others, etc.; a ceremony for this"
worst,of the poorest quality or lowest standard; worse than any other person or thing of a similar kind
worth,"having a value in money, etc."
worthwhile,"important, pleasant, interesting, etc.; worth spending time, money or effort on"
worthy,having the qualities that deserve somebody/something
would,used in polite offers or invitations
wound,"an injury to part of the body, especially one in which a hole is made in the skin using a weapon"
wow,used to show that you are very surprised or impressed by somebody/something
wrap,"to cover something completely in paper or other material, for example when you are giving it as a present"
wrist,the joint between the hand and the arm
write,"to make letters or numbers on a surface, especially using a pen or a pencil"
writer,"a person whose job is writing books, stories, articles, etc."
writing,"the activity of writing, in contrast to reading, speaking, etc."
written,expressed in writing rather than in speech
wrong,not right or correct
yard,"a piece of land next to or around your house where you can grow flowers, fruit, vegetables, etc., usually with a lawn (= an area of grass)"
year,"the period from 1 January to 31 December, that is 365 or 366 days, divided into 12 months"
yell,"to shout loudly, for example because you are angry, excited, frightened or in pain"
yellow,having the colour of lemons or butter
yes,used to answer a question and say that something is correct or true
yesterday,on the day before today
yet,used in negative sentences and questions to talk about something that has not happened but that you expect to happen
yield,"the total amount of crops, profits, etc. that are produced"
you,used as the subject or object of a verb or after a preposition to refer to the person or people being spoken or written to
young,having lived or existed for only a short time; not fully developed
youngster,a young person or a child
your,of or belonging to the person or people being spoken or written to
yours,of or belonging to you
yourself,used when the person or people being spoken to both cause and are affected by an action
youth,"the time of life when a person is young, especially the time before a child becomes an adult"
zero,0
zone,an area or a region with a particular feature or use
